img_url,href_url,update_time
https://scontent-sin6-1.cdninstagram.com/t51.2885-15/s640x640/sh0.08/e35/15046983_839421466199838_1366619221621997568_n.jpg?ig_cache_key=MTM4NDI5NDcwMzk2ODYwOTg4Mg%3D%3D.2,https://www.instagram.comhttps://www.instagram.com/p/BM2ALLugOZa/?taken-by=wendyslookbook,Thu Nov 17 01:16:09 2016
https://scontent-sin6-1.cdninstagram.com/t51.2885-15/s640x640/sh0.08/e35/15048168_1241815755879214_1475109799166214144_n.jpg?ig_cache_key=MTM4NDE0NjY2MTAwOTM3OTU2Mg%3D%3D.2,https://www.instagram.comhttps://www.instagram.com/p/BM1eg3-gdDq/?taken-by=wendyslookbook,Thu Nov 17 01:16:09 2016
https://scontent-sin6-1.cdninstagram.com/t51.2885-15/s640x640/sh0.08/e35/15046784_1106739909394352_8038790803595722752_n.jpg?ig_cache_key=MTM4Mzc1Nzg5NDUyMDEyMzQwNg%3D%3D.2,https://www.instagram.comhttps://www.instagram.com/p/BM0GHk-A7AO/?taken-by=wendyslookbook,Thu Nov 17 01:16:09 2016
https://scontent-sin6-1.cdninstagram.com/t51.2885-15/s640x640/sh0.08/e35/15048052_342079102826311_4369118458961461248_n.jpg?ig_cache_key=MTM4MzU1ODM1MDQ2NTM2Nzc5MA%3D%3D.2,https://www.instagram.comhttps://www.instagram.com/p/BMzYv1Fg37u/?taken-by=wendyslookbook,Thu Nov 17 01:16:09 2016
https://scontent-sin6-1.cdninstagram.com/t51.2885-15/s640x640/sh0.08/e35/15057257_845465165593886_4725107330096562176_n.jpg?ig_cache_key=MTM4MzQ1MTg3Nzg2NTI5NjIxNg%3D%3D.2,https://www.instagram.comhttps://www.instagram.com/p/BMzAicwAhFY/?taken-by=wendyslookbook,Thu Nov 17 01:16:09 2016
https://scontent-sin6-1.cdninstagram.com/t51.2885-15/s640x640/sh0.08/e35/c0.134.1080.1080/14733287_1234518586591729_4041725716306329600_n.jpg?ig_cache_key=MTM4MzE0MDk0Nzk2OTQzMzc5NA%3D%3D.2.c,https://www.instagram.comhttps://www.instagram.com/p/BMx510uA-DC/?taken-by=wendyslookbook,Thu Nov 17 01:16:09 2016
https://scontent-sin6-1.cdninstagram.com/t51.2885-15/s640x640/sh0.08/e35/15046941_1858767857688427_5082971117665124352_n.jpg?ig_cache_key=MTM4Mjk0NzUxMjUwNzI2OTA0Mg%3D%3D.2,https://www.instagram.comhttps://www.instagram.com/p/BMxN296AX-y/?taken-by=wendyslookbook,Thu Nov 17 01:16:09 2016
https://scontent-sin6-1.cdninstagram.com/t51.2885-15/s640x640/sh0.08/e35/c0.134.1080.1080/15034827_1233234360069336_5511095124177715200_n.jpg?ig_cache_key=MTM4Mjc0NDM5MTY0MjQ2MTg4Ng%3D%3D.2.c,https://www.instagram.comhttps://www.instagram.com/p/BMwfrK3Aza-/?taken-by=wendyslookbook,Thu Nov 17 01:16:09 2016
https://scontent-sin6-1.cdninstagram.com/t51.2885-15/s640x640/sh0.08/e35/14547563_725416667612086_4404124147525877760_n.jpg?ig_cache_key=MTM4MjEwMzk1MDQ5NjQwMDMxMg%3D%3D.2,https://www.instagram.comhttps://www.instagram.com/p/BMuODhkAIO4/?taken-by=wendyslookbook,Thu Nov 17 01:16:09 2016
https://scontent-sin6-1.cdninstagram.com/t51.2885-15/s640x640/sh0.08/e35/15046827_1756019904661718_7677372672891682816_n.jpg?ig_cache_key=MTM4MjAyMzg5NTg1NDUyNjYwMw%3D%3D.2,https://www.instagram.comhttps://www.instagram.com/p/BMt72k3grCL/?taken-by=wendyslookbook,Thu Nov 17 01:16:09 2016
https://scontent-sin6-1.cdninstagram.com/t51.2885-15/s640x640/sh0.08/e35/15056585_328263957544053_2490043913042132992_n.jpg?ig_cache_key=MTM4MTQxMzYxMTA0MTQ1MTc0OA%3D%3D.2,https://www.instagram.comhttps://www.instagram.com/p/BMrxFw2A-7k/?taken-by=wendyslookbook,Thu Nov 17 01:16:09 2016
https://scontent-sin6-1.cdninstagram.com/t51.2885-15/s640x640/sh0.08/e35/14547564_598337653685732_3689381077677244416_n.jpg?ig_cache_key=MTM4MTE5NzczMjg3MzUyMTE3Ng%3D%3D.2,https://www.instagram.comhttps://www.instagram.com/p/BMrAAUogEgY/?taken-by=wendyslookbook,Thu Nov 17 01:16:09 2016
https://scontent-sin6-1.cdninstagram.com/t51.2885-15/s640x640/sh0.08/e35/c0.134.1080.1080/15043886_2187871564772253_6291493400575213568_n.jpg?ig_cache_key=MTM4MDg3OTAyNjM3NzI5MTI1Mg%3D%3D.2.c,https://www.instagram.comhttps://www.instagram.com/p/BMp3iiFAXX0/?taken-by=wendyslookbook,Thu Nov 17 01:16:09 2016
https://scontent-sin6-1.cdninstagram.com/t51.2885-15/s640x640/sh0.08/e35/14550147_1268437023200223_2397264673759035392_n.jpg?ig_cache_key=MTM4MDY2MTY5NjU5NDY0NTE0MQ%3D%3D.2,https://www.instagram.comhttps://www.instagram.com/p/BMpGH98gxCV/?taken-by=wendyslookbook,Thu Nov 17 01:16:09 2016
https://scontent-sin6-1.cdninstagram.com/t51.2885-15/s640x640/sh0.08/e35/14592191_197119020736677_5745759978178740224_n.jpg?ig_cache_key=MTM4MDE2MzM0NjkxNjk3MzM1MQ%3D%3D.2,https://www.instagram.comhttps://www.instagram.com/p/BMnU0BpABsn/?taken-by=wendyslookbook,Thu Nov 17 01:16:09 2016
https://scontent-sin6-1.cdninstagram.com/t51.2885-15/s640x640/sh0.08/e35/14592149_1441334805895292_5278264839687372800_n.jpg?ig_cache_key=MTM3OTc0MTg3ODE1MjU5MzE5NA%3D%3D.2,https://www.instagram.comhttps://www.instagram.com/p/BMl0-2RA_8q/?taken-by=wendyslookbook,Thu Nov 17 01:16:09 2016
https://scontent-sin6-1.cdninstagram.com/t51.2885-15/s640x640/sh0.08/e35/14716366_1387706631254398_2086992087357587456_n.jpg?ig_cache_key=MTM3OTMzOTYxNzgwNjkwMDk1Nw%3D%3D.2,https://www.instagram.comhttps://www.instagram.com/p/BMkZhMIAN7d/?taken-by=wendyslookbook,Thu Nov 17 01:16:09 2016
https://scontent-sin6-1.cdninstagram.com/t51.2885-15/s640x640/sh0.08/e35/14624231_1193045087456453_404352977436934144_n.jpg?ig_cache_key=MTM3OTA3NTE1NTEyODU3ODkyNQ%3D%3D.2,https://www.instagram.comhttps://www.instagram.com/p/BMjdYwEAXNt/?taken-by=wendyslookbook,Thu Nov 17 01:16:09 2016
https://scontent-sin6-1.cdninstagram.com/t51.2885-15/s640x640/sh0.08/e35/14596676_311323569252219_25610739662192640_n.jpg?ig_cache_key=MTM3ODczNTYzNDkzNTYxNDM3Mw%3D%3D.2,https://www.instagram.comhttps://www.instagram.com/p/BMiQMFPgoul/?taken-by=wendyslookbook,Thu Nov 17 01:16:09 2016
https://scontent-sin6-1.cdninstagram.com/t51.2885-15/s640x640/sh0.08/e35/14736219_883086615160493_618150135829889024_n.jpg?ig_cache_key=MTM3ODQyMTU1MjEzOTM5MzAyMA%3D%3D.2,https://www.instagram.comhttps://www.instagram.com/p/BMhIxk2Atf8/?taken-by=wendyslookbook,Thu Nov 17 01:16:09 2016
https://scontent-sin6-1.cdninstagram.com/t51.2885-15/s640x640/sh0.08/e35/c0.134.1080.1080/14733284_172819093179786_6954299200439844864_n.jpg?ig_cache_key=MTM3ODMzOTU1NDY5NTc0NjM1MA%3D%3D.2.c,https://www.instagram.comhttps://www.instagram.com/p/BMg2IWxgpMu/?taken-by=wendyslookbook,Thu Nov 17 01:16:09 2016
https://scontent-sin6-1.cdninstagram.com/t51.2885-15/s640x640/sh0.08/e35/14736264_1801408640138814_8207556780373311488_n.jpg?ig_cache_key=MTM3NzY3NTkyNTk2OTI0NzkwNg%3D%3D.2,https://www.instagram.comhttps://www.instagram.com/p/BMefPSXAR6i/?taken-by=wendyslookbook,Thu Nov 17 01:16:09 2016
https://scontent-sin6-1.cdninstagram.com/t51.2885-15/s640x640/sh0.08/e35/c181.0.718.718/14676618_909198799213764_1423070266010894336_n.jpg?ig_cache_key=MTM3Njk2MTQ0MjQ5ODE3Mzc3MA%3D%3D.2.c,https://www.instagram.comhttps://www.instagram.com/p/BMb8yLxg1tK/?taken-by=wendyslookbook,Thu Nov 17 01:16:09 2016
https://scontent-sin6-1.cdninstagram.com/t51.2885-15/s640x640/sh0.08/e35/14727597_212525402492144_2478417969147805696_n.jpg?ig_cache_key=MTM3NjIzNTI4ODU2MDYzMDUyNQ%3D%3D.2,https://www.instagram.comhttps://www.instagram.com/p/BMZXrQOA3r9/?taken-by=wendyslookbook,Thu Nov 17 01:16:09 2016
https://scontent-sin6-1.cdninstagram.com/t51.2885-15/s640x640/sh0.08/e35/14714511_360631767609219_8346559746186149888_n.jpg?ig_cache_key=MTM3NTY4MzYwMDI0NjE3MTkwNw%3D%3D.2,https://www.instagram.comhttps://www.instagram.com/p/BMXaPIcAOkD/?taken-by=wendyslookbook,Thu Nov 17 01:16:09 2016
https://scontent-sin6-1.cdninstagram.com/t51.2885-15/s640x640/sh0.08/e35/14719663_1815504432025728_2453816894692524032_n.jpg?ig_cache_key=MTM3NTQ1MzM0MTU0NjY2MDI4Nw%3D%3D.2,https://www.instagram.comhttps://www.instagram.com/p/BMWl4bUA0G_/?taken-by=wendyslookbook,Thu Nov 17 01:16:09 2016
https://scontent-sin6-1.cdninstagram.com/t51.2885-15/s640x640/sh0.08/e35/14659239_999436600201938_1145565058852454400_n.jpg?ig_cache_key=MTM3NTAzOTcwNzgwMDYyNDM5NQ%3D%3D.2,https://www.instagram.comhttps://www.instagram.com/p/BMVH1Q3g10L/?taken-by=wendyslookbook,Thu Nov 17 01:16:09 2016
https://scontent-sin6-1.cdninstagram.com/t51.2885-15/s640x640/sh0.08/e35/14624783_343049536049489_4484199174195118080_n.jpg?ig_cache_key=MTM3NDc0OTM5ODUzNzU2NTA2NQ%3D%3D.2,https://www.instagram.comhttps://www.instagram.com/p/BMUF0tTA3OJ/?taken-by=wendyslookbook,Thu Nov 17 01:16:09 2016
https://scontent-sin6-1.cdninstagram.com/t51.2885-15/s640x640/sh0.08/e35/14701158_1166148180098817_5545116616691286016_n.jpg?ig_cache_key=MTM3NDM0NDIxNzkyNDYyNTUwNQ%3D%3D.2,https://www.instagram.comhttps://www.instagram.com/p/BMSpsjcgmRh/?taken-by=wendyslookbook,Thu Nov 17 01:16:09 2016
https://scontent-sin6-1.cdninstagram.com/t51.2885-15/s640x640/sh0.08/e35/14693771_1162801217090534_8520879377670471680_n.jpg?ig_cache_key=MTM3MzI5ODcwNDg5MDUwOTAzOQ%3D%3D.2,https://www.instagram.comhttps://www.instagram.com/p/BMO7-VjgLbv/?taken-by=wendyslookbook,Thu Nov 17 01:16:09 2016
https://scontent-sin6-1.cdninstagram.com/t51.2885-15/s640x640/sh0.08/e35/c0.88.704.704/14607027_335588223474397_270579194436517888_n.jpg?ig_cache_key=MTM3MjkwNjcwMzUzNTkzMzEzMg%3D%3D.2.c,https://www.instagram.comhttps://www.instagram.com/p/BMNi192AwbM/?taken-by=wendyslookbook,Thu Nov 17 01:16:09 2016
https://scontent-sin6-1.cdninstagram.com/t51.2885-15/s640x640/sh0.08/e35/14596788_1273738759343796_2135594237926834176_n.jpg?ig_cache_key=MTM3MjczNDc1NTQyNjA3MzQ5OQ%3D%3D.2,https://www.instagram.comhttps://www.instagram.com/p/BMM7vysAPub/?taken-by=wendyslookbook,Thu Nov 17 01:16:09 2016
https://scontent-sin6-1.cdninstagram.com/t51.2885-15/s640x640/sh0.08/e35/14693898_343665662655178_8667931309764509696_n.jpg?ig_cache_key=MTM3MjU5MDQ4ODM1NTQyNTc1OQ%3D%3D.2,https://www.instagram.comhttps://www.instagram.com/p/BMMa8bggU3f/?taken-by=wendyslookbook,Thu Nov 17 01:16:09 2016
https://scontent-sin6-1.cdninstagram.com/t51.2885-15/s640x640/sh0.08/e35/14693776_278087072586366_5700118803833159680_n.jpg?ig_cache_key=MTM3MTg2MTE2ODk4NTEyNDg4Nw%3D%3D.2,https://www.instagram.comhttps://www.instagram.com/p/BMJ1Hb6grAX/?taken-by=wendyslookbook,Thu Nov 17 01:16:09 2016
https://scontent-sin6-1.cdninstagram.com/t51.2885-15/s640x640/sh0.08/e35/14591052_777615265710367_308430509287931904_n.jpg?ig_cache_key=MTM3MTA4MjI0MTg0NDc0MTg0Mg%3D%3D.2,https://www.instagram.comhttps://www.instagram.com/p/BMHEAjfAIbS/?taken-by=wendyslookbook,Thu Nov 17 01:16:09 2016
https://scontent-sin6-1.cdninstagram.com/t51.2885-15/s640x640/sh0.08/e35/14719579_405790573142858_9051943536835952640_n.jpg?ig_cache_key=MTM3MDY4NDE5NjEyMDU1NDY1NQ%3D%3D.2,https://www.instagram.comhttps://www.instagram.com/p/BMFpgOhAeyf/?taken-by=wendyslookbook,Thu Nov 17 01:16:09 2016
https://scontent-sin6-1.cdninstagram.com/t51.2885-15/s640x640/sh0.08/e35/14712002_340265746328961_9098519691202134016_n.jpg?ig_cache_key=MTM3MDQ3OTc4NTA3OTI1NjUyMQ%3D%3D.2,https://www.instagram.comhttps://www.instagram.com/p/BME7Bp5gLXJ/?taken-by=wendyslookbook,Thu Nov 17 01:16:11 2016
https://scontent-sin6-1.cdninstagram.com/t51.2885-15/s640x640/sh0.08/e35/c0.134.1080.1080/14590899_1852059991693494_3139884443590721536_n.jpg?ig_cache_key=MTM3MDM0NDcwNzY5NTI5MTM4MA%3D%3D.2.c,https://www.instagram.comhttps://www.instagram.com/p/BMEcUBSA6v0/?taken-by=wendyslookbook,Thu Nov 17 01:16:11 2016
https://scontent-sin6-1.cdninstagram.com/t51.2885-15/s640x640/sh0.08/e35/14736265_316628188712280_4084553768677408768_n.jpg?ig_cache_key=MTM2OTI3ODI4MTY2MDE0MTU1NQ%3D%3D.2,https://www.instagram.comhttps://www.instagram.com/p/BMAp1epAo_z/?taken-by=wendyslookbook,Thu Nov 17 01:16:11 2016
https://scontent-sin6-1.cdninstagram.com/t51.2885-15/s640x640/sh0.08/e35/14596789_1111612768886944_6154490369103888384_n.jpg?ig_cache_key=MTM2OTIxNTI5MzA4NzQ4MDE2MQ%3D%3D.2,https://www.instagram.comhttps://www.instagram.com/p/BMAbg39gvlh/?taken-by=wendyslookbook,Thu Nov 17 01:16:11 2016
https://scontent-sin6-1.cdninstagram.com/t51.2885-15/s640x640/sh0.08/e35/14712063_1293303520700769_7880954809916850176_n.jpg?ig_cache_key=MTM2ODUxMjg5NzQyNDI0Mzc4MA%3D%3D.2,https://www.instagram.comhttps://www.instagram.com/p/BL97zrBgzxE/?taken-by=wendyslookbook,Thu Nov 17 01:16:11 2016
https://scontent-sin6-1.cdninstagram.com/t51.2885-15/s640x640/sh0.08/e35/14726374_336181660075988_5176159809065451520_n.jpg?ig_cache_key=MTM2ODE2ODg2OTYyOTM0MDg4Mg%3D%3D.2,https://www.instagram.comhttps://www.instagram.com/p/BL8tlaLASzS/?taken-by=wendyslookbook,Thu Nov 17 01:16:11 2016
https://scontent-sin6-1.cdninstagram.com/t51.2885-15/s640x640/sh0.08/e35/14597293_1154060708005528_860252344179228672_n.jpg?ig_cache_key=MTM2NzgwMTE0NDMwMjIzNDQyMQ%3D%3D.2,https://www.instagram.comhttps://www.instagram.com/p/BL7Z-TRges1/?taken-by=wendyslookbook,Thu Nov 17 01:16:11 2016
https://scontent-sin6-1.cdninstagram.com/t51.2885-15/s640x640/sh0.08/e35/c0.134.1080.1080/14553076_1638940466403858_1989484643132375040_n.jpg?ig_cache_key=MTM2NzYxNzQxNDU0MzY5MDQxMw%3D%3D.2.c,https://www.instagram.comhttps://www.instagram.com/p/BL6wMrmg8qt/?taken-by=wendyslookbook,Thu Nov 17 01:16:11 2016
https://scontent-sin6-1.cdninstagram.com/t51.2885-15/s640x640/sh0.08/e35/14714476_985567481589908_7211337410964094976_n.jpg?ig_cache_key=MTM2NzQ3Mjk5NTQ2MzA1OTYwMQ%3D%3D.2,https://www.instagram.comhttps://www.instagram.com/p/BL6PXG2g9iR/?taken-by=wendyslookbook,Thu Nov 17 01:16:11 2016
https://scontent-sin6-1.cdninstagram.com/t51.2885-15/s640x640/sh0.08/e35/14733599_1078980438883957_1579995146802429952_n.jpg?ig_cache_key=MTM2NzA2NTc2NDI1NDc4NzUwMg%3D%3D.2,https://www.instagram.comhttps://www.instagram.com/p/BL4yxHPASeu/?taken-by=wendyslookbook,Thu Nov 17 01:16:11 2016
https://scontent-sin6-1.cdninstagram.com/t51.2885-15/s640x640/sh0.08/e35/c181.0.718.718/14583400_516663455197583_9008776328077377536_n.jpg?ig_cache_key=MTM2NjgxMzE1MDMzNDQxNTk0Mg%3D%3D.2.c,https://www.instagram.comhttps://www.instagram.com/p/BL35VGMA_RG/?taken-by=wendyslookbook,Thu Nov 17 01:16:11 2016
https://scontent-sin6-1.cdninstagram.com/t51.2885-15/s640x640/sh0.08/e35/14591051_1164164146991350_1531509209458278400_n.jpg?ig_cache_key=MTM2NjEyNzY5NTc1MDE5NjM4Mg%3D%3D.2,https://www.instagram.comhttps://www.instagram.com/p/BL1dea3A2ye/?taken-by=wendyslookbook,Thu Nov 17 01:16:11 2016
https://scontent-sin6-1.cdninstagram.com/t51.2885-15/s640x640/sh0.08/e35/14693894_744615822344607_5771776394681909248_n.jpg?ig_cache_key=MTM2NjA0MTc2MDI5OTY0MTQ2MA%3D%3D.2,https://www.instagram.comhttps://www.instagram.com/p/BL1J75PAmp0/?taken-by=wendyslookbook,Thu Nov 17 01:16:16 2016
https://scontent-sin6-1.cdninstagram.com/t51.2885-15/s640x640/sh0.08/e35/14723445_1316985111666195_4097753775136047104_n.jpg?ig_cache_key=MTM2NTYzNzU5NzgxMjE5Njk1OA%3D%3D.2,https://www.instagram.comhttps://www.instagram.com/p/BLzuCjlg4Ze/?taken-by=wendyslookbook,Thu Nov 17 01:16:16 2016
https://scontent-sin6-1.cdninstagram.com/t51.2885-15/s640x640/sh0.08/e35/14693929_1798349657045942_5274639127080337408_n.jpg?ig_cache_key=MTM2NTMzMDkzMzI3OTkyMDg4NQ%3D%3D.2,https://www.instagram.comhttps://www.instagram.com/p/BLyoT__AJL1/?taken-by=wendyslookbook,Thu Nov 17 01:16:16 2016
https://scontent-sin6-1.cdninstagram.com/t51.2885-15/s640x640/sh0.08/e35/14714637_348891522116588_8132297537324318720_n.jpg?ig_cache_key=MTM2NDkzNTY4MjY0ODQwOTc4MQ%3D%3D.2,https://www.instagram.comhttps://www.instagram.com/p/BLxOcWJg4a1/?taken-by=wendyslookbook,Thu Nov 17 01:16:16 2016
https://scontent-sin6-1.cdninstagram.com/t51.2885-15/s640x640/sh0.08/e35/14718043_1635837653381127_1462371480217059328_n.jpg?ig_cache_key=MTM2NDcwNjUwOTYyNzU4MjczMQ%3D%3D.2,https://www.instagram.comhttps://www.instagram.com/p/BLwaVcJA-kL/?taken-by=wendyslookbook,Thu Nov 17 01:16:16 2016
https://scontent-sin6-1.cdninstagram.com/t51.2885-15/s640x640/sh0.08/e35/14709635_309624169417337_2311349157287165952_n.jpg?ig_cache_key=MTM2NDYzODUxNDI2Mzc4MTE2OQ%3D%3D.2,https://www.instagram.comhttps://www.instagram.com/p/BLwK3-hgm8x/?taken-by=wendyslookbook,Thu Nov 17 01:16:16 2016
https://scontent-sin6-1.cdninstagram.com/t51.2885-15/s640x640/sh0.08/e35/14718412_611256852411257_603037275491663872_n.jpg?ig_cache_key=MTM2NDE3Njk1NTQyNzIzODQ2Mw%3D%3D.2,https://www.instagram.comhttps://www.instagram.com/p/BLuh7aXA7I_/?taken-by=wendyslookbook,Thu Nov 17 01:16:16 2016
https://scontent-sin6-1.cdninstagram.com/t51.2885-15/s640x640/sh0.08/e35/14701271_1111812768938858_7702232347327856640_n.jpg?ig_cache_key=MTM2MzgzNjY5MzAxODU0MDIwOA%3D%3D.2,https://www.instagram.comhttps://www.instagram.com/p/BLtUj8TA3iw/?taken-by=wendyslookbook,Thu Nov 17 01:16:16 2016
https://scontent-sin6-1.cdninstagram.com/t51.2885-15/s640x640/sh0.08/e35/14701172_121478058321762_3790242242820571136_n.jpg?ig_cache_key=MTM2MzI3MjAzNDM0NzY0MTIyOQ%3D%3D.2,https://www.instagram.comhttps://www.instagram.com/p/BLrULE7g-mN/?taken-by=wendyslookbook,Thu Nov 17 01:16:16 2016
https://scontent-sin6-1.cdninstagram.com/t51.2885-15/s640x640/sh0.08/e35/14659430_1875203142715498_9104171425782038528_n.jpg?ig_cache_key=MTM2MzA5NjY0Mzc3MTE5NjkxMg%3D%3D.2,https://www.instagram.comhttps://www.instagram.com/p/BLqsSzugmXw/?taken-by=wendyslookbook,Thu Nov 17 01:16:16 2016
https://scontent-sin6-1.cdninstagram.com/t51.2885-15/s640x640/sh0.08/e35/14723113_1717179841941598_2328853670164168704_n.jpg?ig_cache_key=MTM2MjcxMTAyMDY5NDY0NTYzMw%3D%3D.2,https://www.instagram.comhttps://www.instagram.com/p/BLpUnQQA6uB/?taken-by=wendyslookbook,Thu Nov 17 01:16:16 2016
https://scontent-sin6-1.cdninstagram.com/t51.2885-15/s640x640/sh0.08/e35/14482243_980625235397126_1779581838960885760_n.jpg?ig_cache_key=MTM2MjU0NjgyMzYyNTA2Mjg1Nw%3D%3D.2,https://www.instagram.comhttps://www.instagram.com/p/BLovR30AjnJ/?taken-by=wendyslookbook,Thu Nov 17 01:16:16 2016
https://scontent-sin6-1.cdninstagram.com/t51.2885-15/s640x640/sh0.08/e35/14705200_1163340770413098_7899954229110898688_n.jpg?ig_cache_key=MTM2MjM4MTYxODcyMjkwODgyMQ%3D%3D.2,https://www.instagram.comhttps://www.instagram.com/p/BLoJt0wgCqV/?taken-by=wendyslookbook,Thu Nov 17 01:16:16 2016
https://scontent-sin6-1.cdninstagram.com/t51.2885-15/s640x640/sh0.08/e35/14733392_345362049132565_5605354426370883584_n.jpg?ig_cache_key=MTM2MTkzNjU5NTkyOTgxNzcwOA%3D%3D.2,https://www.instagram.comhttps://www.instagram.com/p/BLmkh4_AGJs/?taken-by=wendyslookbook,Thu Nov 17 01:16:16 2016
https://scontent-sin6-1.cdninstagram.com/t51.2885-15/s640x640/sh0.08/e35/14540433_323661324656403_3444373328247128064_n.jpg?ig_cache_key=MTM2MTY5ODgxMzMxOTg0ODk2Nw%3D%3D.2,https://www.instagram.comhttps://www.instagram.com/p/BLludsrACQH/?taken-by=wendyslookbook,Thu Nov 17 01:16:16 2016
https://scontent-sin6-1.cdninstagram.com/t51.2885-15/s640x640/sh0.08/e35/14736185_349607538713034_2622147314541658112_n.jpg?ig_cache_key=MTM2MTA3Mjk1MTIzMDk0MjY4OA%3D%3D.2,https://www.instagram.comhttps://www.instagram.com/p/BLjgKNLg03g/?taken-by=wendyslookbook,Thu Nov 17 01:16:16 2016
https://scontent-sin6-1.cdninstagram.com/t51.2885-15/s640x640/sh0.08/e35/14726438_1276903685693087_4737251938536521728_n.jpg?ig_cache_key=MTM2MDkwODY0NjQxODEwNzc5Mg%3D%3D.2,https://www.instagram.comhttps://www.instagram.com/p/BLi6zQZgk2Q/?taken-by=wendyslookbook,Thu Nov 17 01:16:16 2016
https://scontent-sin6-1.cdninstagram.com/t51.2885-15/s640x640/sh0.08/e35/14719226_1190546854350762_8432135358946213888_n.jpg?ig_cache_key=MTM2MDM4MjQ2NTY2NDE0MzU0MQ%3D%3D.2,https://www.instagram.comhttps://www.instagram.com/p/BLhDKUYlNC1/?taken-by=wendyslookbook,Thu Nov 17 01:16:16 2016
https://scontent-sin6-1.cdninstagram.com/t51.2885-15/s640x640/sh0.08/e35/14716420_258245291238923_7731361751832199168_n.jpg?ig_cache_key=MTM2MDI4NDgwMjc3MTQ4NjYxMg%3D%3D.2,https://www.instagram.comhttps://www.instagram.com/p/BLgs9IujoeU/?taken-by=wendyslookbook,Thu Nov 17 01:16:16 2016
https://scontent-sin6-1.cdninstagram.com/t51.2885-15/s640x640/sh0.08/e35/14709388_1628707674088589_154457649713250304_n.jpg?ig_cache_key=MTM2MDE4NjkxNDAwNzQ5Nzk2OQ%3D%3D.2,https://www.instagram.comhttps://www.instagram.com/p/BLgWsqtjTzx/?taken-by=wendyslookbook,Thu Nov 17 01:16:16 2016
https://scontent-sin6-1.cdninstagram.com/t51.2885-15/s640x640/sh0.08/e35/c0.134.1080.1080/14733338_1737001473218147_6167964729483460608_n.jpg?ig_cache_key=MTM1OTgyNTEyNzg1Njg5MDA3Nw%3D%3D.2.c,https://www.instagram.comhttps://www.instagram.com/p/BLfEb_Gj2Dd/?taken-by=wendyslookbook,Thu Nov 17 01:16:16 2016
https://scontent-sin6-1.cdninstagram.com/t51.2885-15/s640x640/sh0.08/e35/14711930_706137839537353_3557989257769385984_n.jpg?ig_cache_key=MTM1OTU3NjQwMjgzNjE3MDA1Mg%3D%3D.2,https://www.instagram.comhttps://www.instagram.com/p/BLeL4j4DaVE/?taken-by=wendyslookbook,Thu Nov 17 01:16:16 2016
https://scontent-sin6-1.cdninstagram.com/t51.2885-15/s640x640/sh0.08/e35/14718282_1314641368555560_8952654780694528000_n.jpg?ig_cache_key=MTM1ODg1Njk1ODk3MDYzODUwNA%3D%3D.2,https://www.instagram.comhttps://www.instagram.com/p/BLboTRkAzCo/?taken-by=wendyslookbook,Thu Nov 17 01:16:16 2016
https://scontent-sin6-1.cdninstagram.com/t51.2885-15/s640x640/sh0.08/e35/14717413_372987936366435_6220114080657571840_n.jpg?ig_cache_key=MTM1ODc2NzU0MTYxMDE0MjIwMA%3D%3D.2,https://www.instagram.comhttps://www.instagram.com/p/BLbT-FKANn4/?taken-by=wendyslookbook,Thu Nov 17 01:16:16 2016
https://scontent-sin6-1.cdninstagram.com/t51.2885-15/s640x640/sh0.08/e35/14564932_323773071312961_340474723412475904_n.jpg?ig_cache_key=MTM1ODM2NjA0ODMwMjMzODgxMA%3D%3D.2,https://www.instagram.comhttps://www.instagram.com/p/BLZ4rlYAxL6/?taken-by=wendyslookbook,Thu Nov 17 01:16:18 2016
https://scontent-sin6-1.cdninstagram.com/t51.2885-15/s640x640/sh0.08/e35/14515817_638121469703310_3891944637438361600_n.jpg?ig_cache_key=MTM1ODAyNDUzMzA5NzAxMDI0OA%3D%3D.2,https://www.instagram.comhttps://www.instagram.com/p/BLYrB4jg1RI/?taken-by=wendyslookbook,Thu Nov 17 01:16:18 2016
https://scontent-sin6-1.cdninstagram.com/t51.2885-15/s640x640/sh0.08/e35/14606972_307077283009259_3883434271410487296_n.jpg?ig_cache_key=MTM1NzQyMDg3NzgwODk5MzYwMw%3D%3D.2,https://www.instagram.comhttps://www.instagram.com/p/BLWhxiwgQVD/?taken-by=wendyslookbook,Thu Nov 17 01:16:18 2016
https://scontent-sin6-1.cdninstagram.com/t51.2885-15/s640x640/sh0.08/e35/14591035_1764341567162789_9008860427832000512_n.jpg?ig_cache_key=MTM1NzMxMTQzNTcxNzMyMTkyNA%3D%3D.2,https://www.instagram.comhttps://www.instagram.com/p/BLWI483gaTE/?taken-by=wendyslookbook,Thu Nov 17 01:16:18 2016
https://scontent-sin6-1.cdninstagram.com/t51.2885-15/s640x640/sh0.08/e35/c0.134.1080.1080/14474341_441615559346756_1611359197021077504_n.jpg?ig_cache_key=MTM1Njk1NTAzMzMzMzM3MDk4MA%3D%3D.2.c,https://www.instagram.comhttps://www.instagram.com/p/BLU32nSA5Bk/?taken-by=wendyslookbook,Thu Nov 17 01:16:18 2016
https://scontent-sin6-1.cdninstagram.com/t51.2885-15/s640x640/sh0.08/e35/14504875_758652740940866_2745373078769893376_n.jpg?ig_cache_key=MTM1Njg1ODI3MTA4NDA0MjMxNA%3D%3D.2,https://www.instagram.comhttps://www.instagram.com/p/BLUh2iag9hK/?taken-by=wendyslookbook,Thu Nov 17 01:16:18 2016
https://scontent-sin6-1.cdninstagram.com/t51.2885-15/s640x640/sh0.08/e35/c0.134.1080.1080/14449308_2125299561027789_7468575371827347456_n.jpg?ig_cache_key=MTM1NjcyMzA5MTYyNzE4Mzc4MA%3D%3D.2.c,https://www.instagram.comhttps://www.instagram.com/p/BLUDHavAg6k/?taken-by=wendyslookbook,Thu Nov 17 01:16:18 2016
https://scontent-sin6-1.cdninstagram.com/t51.2885-15/s640x640/sh0.08/e35/14478341_1663401340637727_141447845881315328_n.jpg?ig_cache_key=MTM1NTE3OTU1OTAwNzU0OTIwMQ%3D%3D.2,https://www.instagram.comhttps://www.instagram.com/p/BLOkKD9g_cR/?taken-by=wendyslookbook,Thu Nov 17 01:16:18 2016
https://scontent-sin6-1.cdninstagram.com/t51.2885-15/s640x640/sh0.08/e35/14564926_839482652818869_7816982951375142912_n.jpg?ig_cache_key=MTM1NDgzNDk0OTY0NzIwMjAyNg%3D%3D.2,https://www.instagram.comhttps://www.instagram.com/p/BLNVzVfAXbq/?taken-by=wendyslookbook,Thu Nov 17 01:16:18 2016
https://scontent-sin6-1.cdninstagram.com/t51.2885-15/s640x640/sh0.08/e35/c0.134.1080.1080/14565070_535849559947949_9042387260372156416_n.jpg?ig_cache_key=MTM1NDQ2ODg3NDQ0NDAwODY1Mg%3D%3D.2.c,https://www.instagram.comhttps://www.instagram.com/p/BLMCkPYjuzM/?taken-by=wendyslookbook,Thu Nov 17 01:16:18 2016
https://scontent-sin6-1.cdninstagram.com/t51.2885-15/s640x640/sh0.08/e35/14478531_194806640952477_8020518964746518528_n.jpg?ig_cache_key=MTM1Mzk2MDI2Mjk2NDY2MTQyMw%3D%3D.2,https://www.instagram.comhttps://www.instagram.com/p/BLKO6-CAMyv/?taken-by=wendyslookbook,Thu Nov 17 01:16:18 2016
https://scontent-sin6-1.cdninstagram.com/t51.2885-15/s640x640/sh0.08/e35/14374521_195579970872635_1487063543554506752_n.jpg?ig_cache_key=MTM1Mzc3MTgzMjE2MzE1NTI2Ng%3D%3D.2,https://www.instagram.comhttps://www.instagram.com/p/BLJkE8LA71C/?taken-by=wendyslookbook,Thu Nov 17 01:16:18 2016
https://scontent-sin6-1.cdninstagram.com/t51.2885-15/s640x640/sh0.08/e35/14583326_669606746548538_3154724028044804096_n.jpg?ig_cache_key=MTM1MzY5MDExNDExODY5NTIxNQ%3D%3D.2,https://www.instagram.comhttps://www.instagram.com/p/BLJRfyUALkv/?taken-by=wendyslookbook,Thu Nov 17 01:16:20 2016
https://scontent-sin6-1.cdninstagram.com/t51.2885-15/s640x640/sh0.08/e35/14334395_186711045099314_1741439621679546368_n.jpg?ig_cache_key=MTM1MzI3NzQ1MTMwMzkwNDM0Mw%3D%3D.2,https://www.instagram.comhttps://www.instagram.com/p/BLHzqwHg-RX/?taken-by=wendyslookbook,Thu Nov 17 01:16:20 2016
https://scontent-sin6-1.cdninstagram.com/t51.2885-15/s640x640/sh0.08/e35/14561766_312286175813501_7417417608342798336_n.jpg?ig_cache_key=MTM1MzAyNjUwMTI3MjEyMDg2MQ%3D%3D.2,https://www.instagram.comhttps://www.instagram.com/p/BLG6m8sA64d/?taken-by=wendyslookbook,Thu Nov 17 01:16:20 2016
https://scontent-sin6-1.cdninstagram.com/t51.2885-15/s640x640/sh0.08/e35/14448373_271202789946447_4149311266931867648_n.jpg?ig_cache_key=MTM1Mjk1ODk4NTgzNzMzNjY1NQ%3D%3D.2,https://www.instagram.comhttps://www.instagram.com/p/BLGrQeCgdhP/?taken-by=wendyslookbook,Thu Nov 17 01:16:20 2016
https://scontent-sin6-1.cdninstagram.com/t51.2885-15/s640x640/sh0.08/e35/14553117_1196186783777457_5884495195730345984_n.jpg?ig_cache_key=MTM1Mjc3MTk5MjkyNjg4NTk1Ng%3D%3D.2,https://www.instagram.comhttps://www.instagram.com/p/BLGAvXUgRhE/?taken-by=wendyslookbook,Thu Nov 17 01:16:20 2016
https://scontent-sin6-1.cdninstagram.com/t51.2885-15/s640x640/sh0.08/e35/14449286_1785835998369148_8589049072822779904_n.jpg?ig_cache_key=MTM1MjU3ODA3OTI4MDg0NzcyMQ%3D%3D.2,https://www.instagram.comhttps://www.instagram.com/p/BLFUpjKg9tp/?taken-by=wendyslookbook,Thu Nov 17 01:16:20 2016
https://scontent-sin6-1.cdninstagram.com/t51.2885-15/s640x640/sh0.08/e35/14550122_100646060404885_7527022566691569664_n.jpg?ig_cache_key=MTM1MjM5MTgwNjE3MTUwMTUyMw%3D%3D.2,https://www.instagram.comhttps://www.instagram.com/p/BLEqS60AFPT/?taken-by=wendyslookbook,Thu Nov 17 01:16:20 2016
https://scontent-sin6-1.cdninstagram.com/t51.2885-15/s640x640/sh0.08/e35/14359405_1139995139417014_2083717346593079296_n.jpg?ig_cache_key=MTM1MjI2MDYyMjA5OTg5MDE1Mg%3D%3D.2,https://www.instagram.comhttps://www.instagram.com/p/BLEMd8IAz_o/?taken-by=wendyslookbook,Thu Nov 17 01:16:20 2016
https://scontent-sin6-1.cdninstagram.com/t51.2885-15/s640x640/sh0.08/e35/14515730_1773397972948470_6700160174444773376_n.jpg?ig_cache_key=MTM1MjA0ODQzMjU5NTk0NDYxOA%3D%3D.2,https://www.instagram.comhttps://www.instagram.com/p/BLDcOLQAUSq/?taken-by=wendyslookbook,Thu Nov 17 01:16:20 2016
https://scontent-sin6-1.cdninstagram.com/t51.2885-15/s640x640/sh0.08/e35/c0.134.1080.1080/14478413_534862360046043_7632636332191252480_n.jpg?ig_cache_key=MTM1MTU5MTA0OTg1MTYzMjYwNQ%3D%3D.2.c,https://www.instagram.comhttps://www.instagram.com/p/BLB0OYYAPvd/?taken-by=wendyslookbook,Thu Nov 17 01:16:20 2016
https://scontent-sin6-1.cdninstagram.com/t51.2885-15/s640x640/sh0.08/e35/14540431_1386686968026000_4015349927004602368_n.jpg?ig_cache_key=MTM1MTUxNzk0OTg2ODkwOTg2Ng%3D%3D.2,https://www.instagram.comhttps://www.instagram.com/p/BLBjmotgCUq/?taken-by=wendyslookbook,Thu Nov 17 01:16:20 2016
https://scontent-sin6-1.cdninstagram.com/t51.2885-15/s640x640/sh0.08/e35/14478557_246712159064513_8978308435669942272_n.jpg?ig_cache_key=MTM1MTIxNDI1MjI3ODUwNjA1NQ%3D%3D.2,https://www.instagram.comhttps://www.instagram.com/p/BLAejQSgWJH/?taken-by=wendyslookbook,Thu Nov 17 01:16:20 2016
https://scontent-sin6-1.cdninstagram.com/t51.2885-15/s640x640/sh0.08/e35/14350733_1121780877891220_1057192026518323200_n.jpg?ig_cache_key=MTM1MDM3MjAzMzA2NTcxODEyNg%3D%3D.2,https://www.instagram.comhttps://www.instagram.com/p/BK9fDWhgRFu/?taken-by=wendyslookbook,Thu Nov 17 01:16:23 2016
https://scontent-sin6-1.cdninstagram.com/t51.2885-15/s640x640/sh0.08/e35/14359941_942436219234445_7889917393051320320_n.jpg?ig_cache_key=MTM0OTcxMjc1NTU2ODk2MjUzNw%3D%3D.2,https://www.instagram.comhttps://www.instagram.com/p/BK7JJmggGvp/?taken-by=wendyslookbook,Thu Nov 17 01:16:23 2016
https://scontent-sin6-1.cdninstagram.com/t51.2885-15/s640x640/sh0.08/e35/14487356_1802949443253372_5142907832957403136_n.jpg?ig_cache_key=MTM0OTU4ODgwOTkxNzk4OTYwOQ%3D%3D.2,https://www.instagram.comhttps://www.instagram.com/p/BK6s99IAQLp/?taken-by=wendyslookbook,Thu Nov 17 01:16:23 2016
https://scontent-sin6-1.cdninstagram.com/t51.2885-15/s640x640/sh0.08/e35/14504801_1781760555445922_5337579059599638528_n.jpg?ig_cache_key=MTM0OTMxNzAxMDQ5NjA2OTMyMw%3D%3D.2,https://www.instagram.comhttps://www.instagram.com/p/BK5vKwMAp7L/?taken-by=wendyslookbook,Thu Nov 17 01:16:23 2016
https://scontent-sin6-1.cdninstagram.com/t51.2885-15/s640x640/sh0.08/e35/14350884_1755781578029427_7162382716594290688_n.jpg?ig_cache_key=MTM0ODgzNDk5MzE5NTAyNDc5Nw%3D%3D.2,https://www.instagram.comhttps://www.instagram.com/p/BK4BkemAYGd/?taken-by=wendyslookbook,Thu Nov 17 01:16:23 2016
https://scontent-sin6-1.cdninstagram.com/t51.2885-15/s640x640/sh0.08/e35/14369200_1792843587626428_6534558317254017024_n.jpg?ig_cache_key=MTM0ODYxNzUwNzk2MzExMTI0OA%3D%3D.2,https://www.instagram.comhttps://www.instagram.com/p/BK3QHpsA4dQ/?taken-by=wendyslookbook,Thu Nov 17 01:16:23 2016
https://scontent-sin6-1.cdninstagram.com/t51.2885-15/s640x640/sh0.08/e35/14334293_269064346825985_4663355587394797568_n.jpg?ig_cache_key=MTM0ODI0MDc4MTg0MzkxMjY5OA%3D%3D.2,https://www.instagram.comhttps://www.instagram.com/p/BK16dkJgFf6/?taken-by=wendyslookbook,Thu Nov 17 01:16:23 2016
https://scontent-sin6-1.cdninstagram.com/t51.2885-15/s640x640/sh0.08/e35/14482259_777128745758977_2323887214796210176_n.jpg?ig_cache_key=MTM0ODAwMDIxMDIzOTk0NjI0Ng%3D%3D.2,https://www.instagram.comhttps://www.instagram.com/p/BK1DwyYgP4G/?taken-by=wendyslookbook,Thu Nov 17 01:16:23 2016
https://scontent-sin6-1.cdninstagram.com/t51.2885-15/s640x640/sh0.08/e35/14449338_1749274145321324_1334369652226129920_n.jpg?ig_cache_key=MTM0Nzk1MTY2Nzg5ODg0MDM1Mw%3D%3D.2,https://www.instagram.comhttps://www.instagram.com/p/BK04uZzgXUh/?taken-by=wendyslookbook,Thu Nov 17 01:16:23 2016
https://scontent-sin6-1.cdninstagram.com/t51.2885-15/s640x640/sh0.08/e35/c0.134.1080.1080/14334330_1756973047894721_863701181443080192_n.jpg?ig_cache_key=MTM0NzI1NjAzNTI3NDA4Mzk1OQ%3D%3D.2.c,https://www.instagram.comhttps://www.instagram.com/p/BKyajncA053/?taken-by=wendyslookbook,Thu Nov 17 01:16:23 2016
https://scontent-sin6-1.cdninstagram.com/t51.2885-15/s640x640/sh0.08/e35/c0.134.1080.1080/14449122_1760659197519947_2539145387919278080_n.jpg?ig_cache_key=MTM0NjcwNjE0OTUyODkyMDEyMA%3D%3D.2.c,https://www.instagram.comhttps://www.instagram.com/p/BKwdhubgWA4/?taken-by=wendyslookbook,Thu Nov 17 01:16:23 2016
https://scontent-sin6-1.cdninstagram.com/t51.2885-15/s640x640/sh0.08/e35/14449348_703287993169432_852870536642953216_n.jpg?ig_cache_key=MTM0NTgyNjAxOTIyNjk2NDQxMQ%3D%3D.2,https://www.instagram.comhttps://www.instagram.com/p/BKtVaJNgFG7/?taken-by=wendyslookbook,Thu Nov 17 01:16:23 2016
https://scontent-sin6-1.cdninstagram.com/t51.2885-15/s640x640/sh0.08/e35/14334785_1790440341238534_4126984914530729984_n.jpg?ig_cache_key=MTM0NTAxNzIxMTI5NDgwNzgxNg%3D%3D.2,https://www.instagram.comhttps://www.instagram.com/p/BKqdgcIA3cI/?taken-by=wendyslookbook,Thu Nov 17 01:16:25 2016
https://scontent-sin6-1.cdninstagram.com/t51.2885-15/s640x640/sh0.08/e35/c0.134.1080.1080/14350442_1093786960706668_2370511721904209920_n.jpg?ig_cache_key=MTM0NDU2NzkzMjg2ODQ4MzE0Nw%3D%3D.2.c,https://www.instagram.comhttps://www.instagram.com/p/BKo3Wk_AdhL/?taken-by=wendyslookbook,Thu Nov 17 01:16:25 2016
https://scontent-sin6-1.cdninstagram.com/t51.2885-15/s640x640/sh0.08/e35/14279124_1088630697852288_8358292969773596672_n.jpg?ig_cache_key=MTM0NDMzNjYxNTIxNjE1MjcyOA%3D%3D.2,https://www.instagram.comhttps://www.instagram.com/p/BKoCwdogoCY/?taken-by=wendyslookbook,Thu Nov 17 01:16:25 2016
https://scontent-sin6-1.cdninstagram.com/t51.2885-15/s640x640/sh0.08/e35/14269213_1872138536347739_2137086302_n.jpg?ig_cache_key=MTM0MzE3Nzg2NzAzODYwMzgwNA%3D%3D.2,https://www.instagram.comhttps://www.instagram.com/p/BKj7SdTALoc/?taken-by=wendyslookbook,Thu Nov 17 01:16:25 2016
https://scontent-sin6-1.cdninstagram.com/t51.2885-15/s640x640/sh0.08/e35/14310829_687520571412529_1794450732_n.jpg?ig_cache_key=MTM0MjUyOTgwOTEwMzgxOTg5MA%3D%3D.2,https://www.instagram.comhttps://www.instagram.com/p/BKhn7-UAZRy/?taken-by=wendyslookbook,Thu Nov 17 01:16:25 2016
https://scontent-sin6-1.cdninstagram.com/t51.2885-15/s640x640/sh0.08/e35/14374316_1770233976591256_582840004_n.jpg?ig_cache_key=MTM0MjIzMjU0NDU2MDcxNDg0OA%3D%3D.2,https://www.instagram.comhttps://www.instagram.com/p/BKgkWNIgpRg/?taken-by=wendyslookbook,Thu Nov 17 01:16:25 2016
https://scontent-sin6-1.cdninstagram.com/t51.2885-15/s640x640/sh0.08/e35/14350545_1213061402098963_45480692_n.jpg?ig_cache_key=MTM0MjA2ODM5OTI1NzMxODg5Nw%3D%3D.2,https://www.instagram.comhttps://www.instagram.com/p/BKf_Bk6AnXx/?taken-by=wendyslookbook,Thu Nov 17 01:16:25 2016
https://scontent-sin6-1.cdninstagram.com/t51.2885-15/s640x640/sh0.08/e35/14272137_1093467504062808_1891193286_n.jpg?ig_cache_key=MTM0MTQ2NTUwMjY2ODU3NTIwMQ%3D%3D.2,https://www.instagram.comhttps://www.instagram.com/p/BKd18RtAFHh/?taken-by=wendyslookbook,Thu Nov 17 01:16:25 2016
https://scontent-sin6-1.cdninstagram.com/t51.2885-15/s640x640/sh0.08/e35/14272084_1718276795136932_557323606_n.jpg?ig_cache_key=MTM0MTM2MDczMTQzNzc2Mjg0NQ%3D%3D.2,https://www.instagram.comhttps://www.instagram.com/p/BKdeHp5AYkd/?taken-by=wendyslookbook,Thu Nov 17 01:16:25 2016
https://scontent-sin6-1.cdninstagram.com/t51.2885-15/s640x640/sh0.08/e35/14309669_1189206907805330_780844721_n.jpg?ig_cache_key=MTM0MTA0MTQzMzE2NzEzNjA3NA%3D%3D.2,https://www.instagram.comhttps://www.instagram.com/p/BKcVhQNAgVK/?taken-by=wendyslookbook,Thu Nov 17 01:16:25 2016
https://scontent-sin6-1.cdninstagram.com/t51.2885-15/s640x640/sh0.08/e35/14272096_124430458014925_1792131178_n.jpg?ig_cache_key=MTM0MDc5NjE0NDE3MDg1NTQ5Ng%3D%3D.2,https://www.instagram.comhttps://www.instagram.com/p/BKbdv1BhGxI/?taken-by=wendyslookbook,Thu Nov 17 01:16:25 2016
https://scontent-sin6-1.cdninstagram.com/t51.2885-15/s640x640/sh0.08/e35/14280376_1036509383133907_365332388_n.jpg?ig_cache_key=MTM0MDYzNzk3NDIyMzczMjYxNQ%3D%3D.2,https://www.instagram.comhttps://www.instagram.com/p/BKa5yJyAT-H/?taken-by=wendyslookbook,Thu Nov 17 01:16:25 2016
https://scontent-sin6-1.cdninstagram.com/t51.2885-15/s640x640/sh0.08/e35/14310612_1611639212469738_1668495301_n.jpg?ig_cache_key=MTM0MDE1MTE1ODc1NjQyMzgxNg%3D%3D.2,https://www.instagram.comhttps://www.instagram.com/p/BKZLGDjATiI/?taken-by=wendyslookbook,Thu Nov 17 01:16:28 2016
https://scontent-sin6-1.cdninstagram.com/t51.2885-15/s640x640/sh0.08/e35/14350557_1412799559027002_195136361_n.jpg?ig_cache_key=MTMzODQ4MjA4NjU3NDgxMzc0OA%3D%3D.2,https://www.instagram.comhttps://www.instagram.com/p/BKTPl28g_I0/?taken-by=wendyslookbook,Thu Nov 17 01:16:28 2016
https://scontent-sin6-1.cdninstagram.com/t51.2885-15/s640x640/sh0.08/e35/14240810_569211716608641_1751253144_n.jpg?ig_cache_key=MTMzNzkzNjAzNjMwMjQ4NzM1OQ%3D%3D.2,https://www.instagram.comhttps://www.instagram.com/p/BKRTbyAAP8_/?taken-by=wendyslookbook,Thu Nov 17 01:16:28 2016
https://scontent-sin6-1.cdninstagram.com/t51.2885-15/s640x640/sh0.08/e35/c0.134.1080.1080/14134550_311206839238639_1267937736_n.jpg?ig_cache_key=MTMzNzIyNjMwMzgzNjg0MTcyMw%3D%3D.2.c,https://www.instagram.comhttps://www.instagram.com/p/BKOyD0IgOb7/?taken-by=wendyslookbook,Thu Nov 17 01:16:28 2016
https://scontent-sin6-1.cdninstagram.com/t51.2885-15/s640x640/sh0.08/e35/14334300_877894869021583_97727209_n.jpg?ig_cache_key=MTMzNzExMzU1ODYzMDE0NDU0NA%3D%3D.2,https://www.instagram.comhttps://www.instagram.com/p/BKOYbJ-ghog/?taken-by=wendyslookbook,Thu Nov 17 01:16:28 2016
https://scontent-sin6-1.cdninstagram.com/t51.2885-15/s640x640/sh0.08/e35/14240598_283789232005973_801576959_n.jpg?ig_cache_key=MTMzNjY0Nzc3MjYzMTM1MjYwMA%3D%3D.2,https://www.instagram.comhttps://www.instagram.com/p/BKMuhE9gkUY/?taken-by=wendyslookbook,Thu Nov 17 01:16:28 2016
https://scontent-sin6-1.cdninstagram.com/t51.2885-15/s640x640/sh0.08/e35/14309897_1767160453523633_1144663938_n.jpg?ig_cache_key=MTMzNTY0NjYzMjQ0Nzk2MDE0Mg%3D%3D.2,https://www.instagram.comhttps://www.instagram.com/p/BKJK4kggeRO/?taken-by=wendyslookbook,Thu Nov 17 01:16:28 2016
https://scontent-sin6-1.cdninstagram.com/t51.2885-15/s640x640/sh0.08/e35/14294974_1283438725014106_368237607_n.jpg?ig_cache_key=MTMzNTEyOTUyMjkwNjk4NjQ3MQ%3D%3D.2,https://www.instagram.comhttps://www.instagram.com/p/BKHVTouAffn/?taken-by=wendyslookbook,Thu Nov 17 01:16:28 2016
https://scontent-sin6-1.cdninstagram.com/t51.2885-15/s640x640/sh0.08/e35/14309895_296212004080219_665313843_n.jpg?ig_cache_key=MTMzNDg4MjcyMzQ2NjIwODA2MA%3D%3D.2,https://www.instagram.comhttps://www.instagram.com/p/BKGdMO1AmM8/?taken-by=wendyslookbook,Thu Nov 17 01:16:28 2016
https://scontent-sin6-1.cdninstagram.com/t51.2885-15/s640x640/sh0.08/e35/c0.134.1080.1080/14269041_610862389094425_1598534085_n.jpg?ig_cache_key=MTMzNDQxNzgxNzg2ODQ2MDg2NA%3D%3D.2.c,https://www.instagram.comhttps://www.instagram.com/p/BKEze9wAGNA/?taken-by=wendyslookbook,Thu Nov 17 01:16:28 2016
https://scontent-sin6-1.cdninstagram.com/t51.2885-15/s640x640/sh0.08/e35/14295352_620185954821379_1485508428_n.jpg?ig_cache_key=MTMzNDI1NzgzOTYzMTQ4MjQyOQ%3D%3D.2,https://www.instagram.comhttps://www.instagram.com/p/BKEPG-aA749/?taken-by=wendyslookbook,Thu Nov 17 01:16:28 2016
https://scontent-sin6-1.cdninstagram.com/t51.2885-15/s640x640/sh0.08/e35/14072918_112913679165865_1441802102_n.jpg?ig_cache_key=MTMzMzcyOTQzNzYzOTk5NDg0MQ%3D%3D.2,https://www.instagram.comhttps://www.instagram.com/p/BKCW9ttA23Z/?taken-by=wendyslookbook,Thu Nov 17 01:16:28 2016
https://scontent-sin6-1.cdninstagram.com/t51.2885-15/s640x640/sh0.08/e35/c0.134.1080.1080/14134840_192988434448115_1878864114_n.jpg?ig_cache_key=MTMzMzQwMTUxODE2MTg4MjU5OA%3D%3D.2.c,https://www.instagram.comhttps://www.instagram.com/p/BKBMZ25AW3m/?taken-by=wendyslookbook,Thu Nov 17 01:16:31 2016
https://scontent-sin6-1.cdninstagram.com/t51.2885-15/s640x640/sh0.08/e35/14099438_1750593705157563_839784310_n.jpg?ig_cache_key=MTMzMjk3MzQ0Mzk4MDg2NzM0NQ%3D%3D.2,https://www.instagram.comhttps://www.instagram.com/p/BJ_rEjvgjcR/?taken-by=wendyslookbook,Thu Nov 17 01:16:31 2016
https://scontent-sin6-1.cdninstagram.com/t51.2885-15/s640x640/sh0.08/e35/14135105_1764202690505112_901782754_n.jpg?ig_cache_key=MTMzMjY4Njk4MTM2NDQyMDQ5OQ%3D%3D.2,https://www.instagram.comhttps://www.instagram.com/p/BJ-p7-pA4-T/?taken-by=wendyslookbook,Thu Nov 17 01:16:31 2016
https://scontent-sin6-1.cdninstagram.com/t51.2885-15/s640x640/sh0.08/e35/c0.134.1080.1080/14135092_1771152486464406_457014074_n.jpg?ig_cache_key=MTMzMjIxMTIwNDIwNjIzMTAyMQ%3D%3D.2.c,https://www.instagram.comhttps://www.instagram.com/p/BJ89wgogf3t/?taken-by=wendyslookbook,Thu Nov 17 01:16:31 2016
https://scontent-sin6-1.cdninstagram.com/t51.2885-15/s640x640/sh0.08/e35/14099384_1782300368680438_523895956_n.jpg?ig_cache_key=MTMzMTk2MTk2ODI1MjMzMDAyMw%3D%3D.2,https://www.instagram.comhttps://www.instagram.com/p/BJ8FFpkAqAn/?taken-by=wendyslookbook,Thu Nov 17 01:16:31 2016
https://scontent-sin6-1.cdninstagram.com/t51.2885-15/s640x640/sh0.08/e35/14156476_1687552921567746_1450105638_n.jpg?ig_cache_key=MTMzMTMxNjYzODYwMzI3MDM3Ng%3D%3D.2,https://www.instagram.comhttps://www.instagram.com/p/BJ5yW3fg9jo/?taken-by=wendyslookbook,Thu Nov 17 01:16:31 2016
https://scontent-sin6-1.cdninstagram.com/t51.2885-15/s640x640/sh0.08/e35/14128736_918652321613020_1618473267_n.jpg?ig_cache_key=MTMzMTIxNjQwMzg4MTE5NTIzMg%3D%3D.2,https://www.instagram.comhttps://www.instagram.com/p/BJ5bkQogvbg/?taken-by=wendyslookbook,Thu Nov 17 01:16:31 2016
https://scontent-sin6-1.cdninstagram.com/t51.2885-15/s640x640/sh0.08/e35/14063223_1798804983697562_1187185817_n.jpg?ig_cache_key=MTMzMDY5Mzk5NjgzMzUyNzM0OA%3D%3D.2,https://www.instagram.comhttps://www.instagram.com/p/BJ3kyPKAdY0/?taken-by=wendyslookbook,Thu Nov 17 01:16:31 2016
https://scontent-sin6-1.cdninstagram.com/t51.2885-15/s640x640/sh0.08/e35/14026512_1154158031293794_2005592197_n.jpg?ig_cache_key=MTMyOTkxNDUyMzkyMTk1NDE1Nw%3D%3D.2,https://www.instagram.comhttps://www.instagram.com/p/BJ0zjacADVt/?taken-by=wendyslookbook,Thu Nov 17 01:16:31 2016
https://scontent-sin6-1.cdninstagram.com/t51.2885-15/s640x640/sh0.08/e35/14033006_1594591227501169_1034499457_n.jpg?ig_cache_key=MTMyOTc3OTg2NTg2NzY0ODE5NA%3D%3D.2,https://www.instagram.comhttps://www.instagram.com/p/BJ0U74WgfzC/?taken-by=wendyslookbook,Thu Nov 17 01:16:31 2016
https://scontent-sin6-1.cdninstagram.com/t51.2885-15/s640x640/sh0.08/e35/c0.134.1080.1080/14033438_1075455442541635_961553547_n.jpg?ig_cache_key=MTMyOTQwMDQ4MjA4Njc0ODYxMw%3D%3D.2.c,https://www.instagram.comhttps://www.instagram.com/p/BJy-rHrA4HF/?taken-by=wendyslookbook,Thu Nov 17 01:16:31 2016
https://scontent-sin6-1.cdninstagram.com/t51.2885-15/s640x640/sh0.08/e35/c0.134.1080.1080/14063641_171580196608366_802193799_n.jpg?ig_cache_key=MTMyOTMzOTcxMjY2MTQ1NDQ4MA%3D%3D.2.c,https://www.instagram.comhttps://www.instagram.com/p/BJyw2zvAX6Q/?taken-by=wendyslookbook,Thu Nov 17 01:16:31 2016
https://scontent-sin6-1.cdninstagram.com/t51.2885-15/s640x640/sh0.08/e35/13827273_116602855460360_609484838_n.jpg?ig_cache_key=MTMyOTA0ODg2Njk3MjIyMzg1Nw%3D%3D.2,https://www.instagram.comhttps://www.instagram.com/p/BJxuuclA8lx/?taken-by=wendyslookbook,Thu Nov 17 01:16:34 2016
https://scontent-sin6-1.cdninstagram.com/t51.2885-15/s640x640/sh0.08/e35/14156307_1592458611056235_660844336_n.jpg?ig_cache_key=MTMyODM4MDE1Nzg0NDUzNjA4OQ%3D%3D.2,https://www.instagram.comhttps://www.instagram.com/p/BJvWrcrADsZ/?taken-by=wendyslookbook,Thu Nov 17 01:16:34 2016
https://scontent-sin6-1.cdninstagram.com/t51.2885-15/s640x640/sh0.08/e35/14027355_272830606436934_1868726506_n.jpg?ig_cache_key=MTMyNzk1ODU4NzAxNTc0OTI0NA%3D%3D.2,https://www.instagram.comhttps://www.instagram.com/p/BJt20yPgN58/?taken-by=wendyslookbook,Thu Nov 17 01:16:34 2016
https://scontent-sin6-1.cdninstagram.com/t51.2885-15/s640x640/sh0.08/e35/14052517_1785141525056412_698888262_n.jpg?ig_cache_key=MTMyNzY0NTI4NzYyMzE3MDE5Mw%3D%3D.2,https://www.instagram.comhttps://www.instagram.com/p/BJsvlrcgBiR/?taken-by=wendyslookbook,Thu Nov 17 01:16:34 2016
https://scontent-sin6-1.cdninstagram.com/t51.2885-15/s640x640/sh0.08/e35/c0.134.1080.1080/14052683_317854411897149_1105130659_n.jpg?ig_cache_key=MTMyNzAwNzYzMzkxOTQ0ODY3MA%3D%3D.2.c,https://www.instagram.comhttps://www.instagram.com/p/BJqemmKABZe/?taken-by=wendyslookbook,Thu Nov 17 01:16:34 2016
https://scontent-sin6-1.cdninstagram.com/t51.2885-15/s640x640/sh0.08/e35/14063382_242446519483960_1221603372_n.jpg?ig_cache_key=MTMyNTU4MDI3Njc3NjE1MzE3Mw%3D%3D.2,https://www.instagram.comhttps://www.instagram.com/p/BJlaD0OgbBV/?taken-by=wendyslookbook,Thu Nov 17 01:16:34 2016
https://scontent-sin6-1.cdninstagram.com/t51.2885-15/s640x640/sh0.08/e35/14134916_1650273361954890_577103693_n.jpg?ig_cache_key=MTMyNTQxNzYwNzM4MTE3MTAwMw%3D%3D.2,https://www.instagram.comhttps://www.instagram.com/p/BJk1EqjALs7/?taken-by=wendyslookbook,Thu Nov 17 01:16:34 2016
https://scontent-sin6-1.cdninstagram.com/t51.2885-15/s640x640/sh0.08/e35/c0.134.1080.1080/13671687_645477452292290_283176032_n.jpg?ig_cache_key=MTMyNDg5MDEwMDQwNDAwMjU1Mg%3D%3D.2.c,https://www.instagram.comhttps://www.instagram.com/p/BJi9IbZAx74/?taken-by=wendyslookbook,Thu Nov 17 01:16:34 2016
https://scontent-sin6-1.cdninstagram.com/t51.2885-15/s640x640/sh0.08/e35/14072760_298122033878427_1865474508_n.jpg?ig_cache_key=MTMyNDc2NTgwNzc0OTg3MzU3NA%3D%3D.2,https://www.instagram.comhttps://www.instagram.com/p/BJig3u1g7-m/?taken-by=wendyslookbook,Thu Nov 17 01:16:34 2016
https://scontent-sin6-1.cdninstagram.com/t51.2885-15/s640x640/sh0.08/e35/14073077_287229424967044_514751577_n.jpg?ig_cache_key=MTMyNDE3MjY1MDgzODQwNDQyOA%3D%3D.2,https://www.instagram.comhttps://www.instagram.com/p/BJgaAKagq1M/?taken-by=wendyslookbook,Thu Nov 17 01:16:34 2016
https://scontent-sin6-1.cdninstagram.com/t51.2885-15/s640x640/sh0.08/e35/14063628_1140439856023932_1438047871_n.jpg?ig_cache_key=MTMyMzk5MzI1MTE3ODU3MjQ1Nw%3D%3D.2,https://www.instagram.comhttps://www.instagram.com/p/BJfxNjdg2qp/?taken-by=wendyslookbook,Thu Nov 17 01:16:34 2016
https://scontent-sin6-1.cdninstagram.com/t51.2885-15/s640x640/sh0.08/e35/14033730_872121256251486_1537987426_n.jpg?ig_cache_key=MTMyMzUwOTE1ODY4NzAwNzI4NQ%3D%3D.2,https://www.instagram.comhttps://www.instagram.com/p/BJeDJFMg-I1/?taken-by=wendyslookbook,Thu Nov 17 01:16:34 2016
https://scontent-sin6-1.cdninstagram.com/t51.2885-15/s640x640/sh0.08/e35/13686996_1581162572185974_1592351013_n.jpg?ig_cache_key=MTMyMzQxNDM3NzQ3NDU0MTE4MA%3D%3D.2,https://www.instagram.comhttps://www.instagram.com/p/BJdtl1UA8Z8/?taken-by=wendyslookbook,Thu Nov 17 01:16:37 2016
https://scontent-sin6-1.cdninstagram.com/t51.2885-15/s640x640/sh0.08/e35/13734293_1108861632521615_1493481711_n.jpg?ig_cache_key=MTMyMzIzNjI4OTIxMzk3OTIwOQ%3D%3D.2,https://www.instagram.comhttps://www.instagram.com/p/BJdFGTsgVpJ/?taken-by=wendyslookbook,Thu Nov 17 01:16:37 2016
https://scontent-sin6-1.cdninstagram.com/t51.2885-15/s640x640/sh0.08/e35/14033047_639964992825078_100667882_n.jpg?ig_cache_key=MTMyMjg5NDM1MTY4NDI5NTA3MQ%3D%3D.2,https://www.instagram.comhttps://www.instagram.com/p/BJb3Wdjg1mf/?taken-by=wendyslookbook,Thu Nov 17 01:16:37 2016
https://scontent-sin6-1.cdninstagram.com/t51.2885-15/s640x640/sh0.08/e35/c0.134.1080.1080/14033719_332462160431678_2021525582_n.jpg?ig_cache_key=MTMyMjUyOTU5NjE4NDIzMzA5OQ%3D%3D.2.c,https://www.instagram.comhttps://www.instagram.com/p/BJakakhgISL/?taken-by=wendyslookbook,Thu Nov 17 01:16:37 2016
https://scontent-sin6-1.cdninstagram.com/t51.2885-15/s640x640/sh0.08/e35/c0.134.1080.1080/13628382_1773335776278822_1542752850_n.jpg?ig_cache_key=MTMyMDQ2ODU2Mzg2OTQxMjg0MA%3D%3D.2.c,https://www.instagram.comhttps://www.instagram.com/p/BJTPymmga3o/?taken-by=wendyslookbook,Thu Nov 17 01:16:37 2016
https://scontent-sin6-1.cdninstagram.com/t51.2885-15/s640x640/sh0.08/e35/13722206_623366821174013_2051038152_n.jpg?ig_cache_key=MTMxODg4NjYyOTQxODU4NjAxNg%3D%3D.2,https://www.instagram.comhttps://www.instagram.com/p/BJNoGbVgc-g/?taken-by=wendyslookbook,Thu Nov 17 01:16:37 2016
https://scontent-sin6-1.cdninstagram.com/t51.2885-15/s640x640/sh0.08/e35/13703220_1056525494400791_2057710995_n.jpg?ig_cache_key=MTMxODQzODg0NjkzMjc0MDk5MQ%3D%3D.2,https://www.instagram.comhttps://www.instagram.com/p/BJMCSVZgGt_/?taken-by=wendyslookbook,Thu Nov 17 01:16:37 2016
https://scontent-sin6-1.cdninstagram.com/t51.2885-15/s640x640/sh0.08/e35/13643740_524170201106945_1037373053_n.jpg?ig_cache_key=MTMxNzQzOTc0MDAzMDY3OTUzNw%3D%3D.2,https://www.instagram.comhttps://www.instagram.com/p/BJIfHalgvnx/?taken-by=wendyslookbook,Thu Nov 17 01:16:37 2016
https://scontent-sin6-1.cdninstagram.com/t51.2885-15/s640x640/sh0.08/e35/14032771_283087705400973_707599597_n.jpg?ig_cache_key=MTMxNjAwODkzMjY1MjgzMTY1OQ%3D%3D.2,https://www.instagram.comhttps://www.instagram.com/p/BJDZybYA1Or/?taken-by=wendyslookbook,Thu Nov 17 01:16:37 2016
https://scontent-sin6-1.cdninstagram.com/t51.2885-15/s640x640/sh0.08/e35/13652006_309620292725263_871140207_n.jpg?ig_cache_key=MTMxNTM1MjA4OTkxNTg1MTc2NQ%3D%3D.2,https://www.instagram.comhttps://www.instagram.com/p/BJBEcG6AIP1/?taken-by=wendyslookbook,Thu Nov 17 01:16:37 2016
https://scontent-sin6-1.cdninstagram.com/t51.2885-15/s640x640/sh0.08/e35/13649283_908074286002706_952673073_n.jpg?ig_cache_key=MTMxNDU1OTQyODUxODkwOTQxMg%3D%3D.2,https://www.instagram.comhttps://www.instagram.com/p/BI-QNXdApXk/?taken-by=wendyslookbook,Thu Nov 17 01:16:37 2016
https://scontent-sin6-1.cdninstagram.com/t51.2885-15/s640x640/sh0.08/e35/13740952_157611667976671_1605917794_n.jpg?ig_cache_key=MTMxNDEyMTkwNTAwNzA0MzAxNQ%3D%3D.2,https://www.instagram.comhttps://www.instagram.com/p/BI8suj7gSHH/?taken-by=wendyslookbook,Thu Nov 17 01:16:37 2016
https://scontent-sin6-1.cdninstagram.com/t51.2885-15/s640x640/sh0.08/e35/13774309_1404498376232734_176612634_n.jpg?ig_cache_key=MTMxNDA2OTk4OTIyMDkzNDAxNg%3D%3D.2,https://www.instagram.comhttps://www.instagram.com/p/BI8g7Flg-GA/?taken-by=wendyslookbook,Thu Nov 17 01:16:40 2016
https://scontent-sin6-1.cdninstagram.com/t51.2885-15/s640x640/sh0.08/e35/c0.134.1080.1080/13707168_1424848644208178_927104163_n.jpg?ig_cache_key=MTMxMzg0NDI3ODA1MjYxNzU5Nw%3D%3D.2.c,https://www.instagram.comhttps://www.instagram.com/p/BI7tmjrgX19/?taken-by=wendyslookbook,Thu Nov 17 01:16:40 2016
https://scontent-sin6-1.cdninstagram.com/t51.2885-15/s640x640/sh0.08/e35/13774683_190781068003646_2052498890_n.jpg?ig_cache_key=MTMxMjQ1NDkwNjM5Njk4NjgwMg%3D%3D.2,https://www.instagram.comhttps://www.instagram.com/p/BI2xsifgs2y/?taken-by=wendyslookbook,Thu Nov 17 01:16:40 2016
https://scontent-sin6-1.cdninstagram.com/t51.2885-15/s640x640/sh0.08/e35/13696645_1773218689591947_1093111286_n.jpg?ig_cache_key=MTMxMTEwMzQxOTMyMjQ2NjE1OQ%3D%3D.2,https://www.instagram.comhttps://www.instagram.com/p/BIx-Z0Eg_9v/?taken-by=wendyslookbook,Thu Nov 17 01:16:40 2016
https://scontent-sin6-1.cdninstagram.com/t51.2885-15/s640x640/sh0.08/e35/13768111_141196586317868_863939849_n.jpg?ig_cache_key=MTMwODgyNDQ0ODA0NDEwNTA5OQ%3D%3D.2,https://www.instagram.comhttps://www.instagram.com/p/BIp4OarA_2L/?taken-by=wendyslookbook,Thu Nov 17 01:16:40 2016
https://scontent-sin6-1.cdninstagram.com/t51.2885-15/s640x640/sh0.08/e35/13712597_1757181141216489_1912641282_n.jpg?ig_cache_key=MTMwODQ0NzcyOTM5MDgzNDcyOA%3D%3D.2,https://www.instagram.comhttps://www.instagram.com/p/BIoikcFgdQo/?taken-by=wendyslookbook,Thu Nov 17 01:16:40 2016
https://scontent-sin6-1.cdninstagram.com/t51.2885-15/s640x640/sh0.08/e35/13774258_1738602779727739_326250691_n.jpg?ig_cache_key=MTMwODA0MTQyODE4NTcxNTM0OA%3D%3D.2,https://www.instagram.comhttps://www.instagram.com/p/BInGL-mgRKU/?taken-by=wendyslookbook,Thu Nov 17 01:16:40 2016
https://scontent-sin6-1.cdninstagram.com/t51.2885-15/s640x640/sh0.08/e35/13649150_1131946896878522_1499511637_n.jpg?ig_cache_key=MTMwNzcxNzAzMDc5OTE1Njg5Nw%3D%3D.2,https://www.instagram.comhttps://www.instagram.com/p/BIl8bX_gyah/?taken-by=wendyslookbook,Thu Nov 17 01:16:40 2016
https://scontent-sin6-1.cdninstagram.com/t51.2885-15/s640x640/sh0.08/e35/13734342_275289832841151_1525615637_n.jpg?ig_cache_key=MTMwNzY0MTg2MDA5NjgxNDM4MA%3D%3D.2,https://www.instagram.comhttps://www.instagram.com/p/BIlrVf0gG0s/?taken-by=wendyslookbook,Thu Nov 17 01:16:40 2016
https://scontent-sin6-1.cdninstagram.com/t51.2885-15/s640x640/sh0.08/e35/13725737_261665547553189_775247366_n.jpg?ig_cache_key=MTMwNzM3ODc4Mzk1NDcxNDk1MQ%3D%3D.2,https://www.instagram.comhttps://www.instagram.com/p/BIkvhPEgMFH/?taken-by=wendyslookbook,Thu Nov 17 01:16:40 2016
https://scontent-sin6-1.cdninstagram.com/t51.2885-15/s640x640/sh0.08/e35/13745030_902701639835331_299775897_n.jpg?ig_cache_key=MTMwNjcwMjI5OTUyNzIwMDM5Mw%3D%3D.2,https://www.instagram.comhttps://www.instagram.com/p/BIiVtF2gT6J/?taken-by=wendyslookbook,Thu Nov 17 01:16:40 2016
https://scontent-sin6-1.cdninstagram.com/t51.2885-15/s640x640/sh0.08/e35/13768372_145965645836932_1250870275_n.jpg?ig_cache_key=MTMwNjA5NDM5NjA5NzMwODEyMg%3D%3D.2,https://www.instagram.comhttps://www.instagram.com/p/BIgLe7qgiXa/?taken-by=wendyslookbook,Thu Nov 17 01:16:40 2016
https://scontent-sin6-1.cdninstagram.com/t51.2885-15/s640x640/sh0.08/e35/13774178_1787541658130527_1209036794_n.jpg?ig_cache_key=MTMwNTE2Njk4ODYyNDIwNTE4MA%3D%3D.2,https://www.instagram.comhttps://www.instagram.com/p/BIc4nYJgxV8/?taken-by=wendyslookbook,Thu Nov 17 01:16:44 2016
https://scontent-sin6-1.cdninstagram.com/t51.2885-15/s640x640/sh0.08/e35/13671290_1757629184526608_813607496_n.jpg?ig_cache_key=MTMwNDg4MzIzNzg4NTA5NzQxNg%3D%3D.2,https://www.instagram.comhttps://www.instagram.com/p/BIb4GQrgLXI/?taken-by=wendyslookbook,Thu Nov 17 01:16:44 2016
https://scontent-sin6-1.cdninstagram.com/t51.2885-15/s640x640/sh0.08/e35/13732367_284432128580379_379647623_n.jpg?ig_cache_key=MTMwNDc4MDgwNzYwNDQ2MTYyNA%3D%3D.2,https://www.instagram.comhttps://www.instagram.com/p/BIbgztDAuA4/?taken-by=wendyslookbook,Thu Nov 17 01:16:44 2016
https://scontent-sin6-1.cdninstagram.com/t51.2885-15/s640x640/sh0.08/e35/13658723_858574374287469_1672251305_n.jpg?ig_cache_key=MTMwNDcyMjE2ODI2NDc5NzQ2OQ%3D%3D.2,https://www.instagram.comhttps://www.instagram.com/p/BIbTeY6AC0d/?taken-by=wendyslookbook,Thu Nov 17 01:16:44 2016
https://scontent-sin6-1.cdninstagram.com/t51.2885-15/s640x640/sh0.08/e35/13714093_1257642974275787_424171403_n.jpg?ig_cache_key=MTMwNDYwMzUyODQ1MDM5ODQ4MA%3D%3D.2,https://www.instagram.comhttps://www.instagram.com/p/BIa4f8-AdkQ/?taken-by=wendyslookbook,Thu Nov 17 01:16:44 2016
https://scontent-sin6-1.cdninstagram.com/t51.2885-15/s640x640/sh0.08/e35/13696396_256272038089443_1570585219_n.jpg?ig_cache_key=MTMwNDM5MTc0Mjg0MTM4ODIxOA%3D%3D.2,https://www.instagram.comhttps://www.instagram.com/p/BIaIWEQA3y6/?taken-by=wendyslookbook,Thu Nov 17 01:16:44 2016
https://scontent-sin6-1.cdninstagram.com/t51.2885-15/s640x640/sh0.08/e35/13736886_150137638750197_1138798979_n.jpg?ig_cache_key=MTMwNDEwOTIxMzcwMTgzNzMzNg%3D%3D.2,https://www.instagram.comhttps://www.instagram.com/p/BIZIGufAxIY/?taken-by=wendyslookbook,Thu Nov 17 01:16:44 2016
https://scontent-sin6-1.cdninstagram.com/t51.2885-15/s640x640/sh0.08/e35/13703003_280736005627865_187755122_n.jpg?ig_cache_key=MTMwMzcyNjcxNjE1MzMyNDMzNQ%3D%3D.2,https://www.instagram.comhttps://www.instagram.com/p/BIXxIp4gWMv/?taken-by=wendyslookbook,Thu Nov 17 01:16:44 2016
https://scontent-sin6-1.cdninstagram.com/t51.2885-15/s640x640/sh0.08/e35/13743382_1183550144999997_320484012_n.jpg?ig_cache_key=MTMwMzM4MzIxMzc0NTQ2MTAxOQ%3D%3D.2,https://www.instagram.comhttps://www.instagram.com/p/BIWjCCVgVcb/?taken-by=wendyslookbook,Thu Nov 17 01:16:44 2016
https://scontent-sin6-1.cdninstagram.com/t51.2885-15/s640x640/sh0.08/e35/13714047_1854432604785025_140440836_n.jpg?ig_cache_key=MTMwMzIzMDU0MzU1NDU4MTQ1MA%3D%3D.2,https://www.instagram.comhttps://www.instagram.com/p/BIWAUZJApPK/?taken-by=wendyslookbook,Thu Nov 17 01:16:44 2016
https://scontent-sin6-1.cdninstagram.com/t51.2885-15/s640x640/sh0.08/e35/13736042_175614406189532_1958528344_n.jpg?ig_cache_key=MTMwMjk1ODQ1NTg2NjY2MjU0NA%3D%3D.2,https://www.instagram.comhttps://www.instagram.com/p/BIVCc_vBh6Q/?taken-by=wendyslookbook,Thu Nov 17 01:16:44 2016
https://scontent-sin6-1.cdninstagram.com/t51.2885-15/s640x640/sh0.08/e35/c0.134.1080.1080/13734287_1131337866938856_700340847_n.jpg?ig_cache_key=MTMwMjU1ODk4NzY5NDU5MjYyMw%3D%3D.2.c,https://www.instagram.comhttps://www.instagram.com/p/BITnn-Ah1Jv/?taken-by=wendyslookbook,Thu Nov 17 01:16:44 2016
https://scontent-sin6-1.cdninstagram.com/t51.2885-15/s640x640/sh0.08/e35/13774293_153535961738371_604492613_n.jpg?ig_cache_key=MTMwMjI5MzQzODgwMDIxNzEyOA%3D%3D.2,https://www.instagram.comhttps://www.instagram.com/p/BISrPuVAkQo/?taken-by=wendyslookbook,Thu Nov 17 01:16:51 2016
https://scontent-sin6-1.cdninstagram.com/t51.2885-15/s640x640/sh0.08/e35/13743293_1750043505258035_2099054382_n.jpg?ig_cache_key=MTMwMTgyNjI1NTUxMDg5OTY1NQ%3D%3D.2,https://www.instagram.comhttps://www.instagram.com/p/BIRBBT_AQvH/?taken-by=wendyslookbook,Thu Nov 17 01:16:51 2016
https://scontent-sin6-1.cdninstagram.com/t51.2885-15/s640x640/sh0.08/e35/13744289_1762985940632810_188684729_n.jpg?ig_cache_key=MTMwMTEyNjEwNzE0NzQ3MTM4NA%3D%3D.2,https://www.instagram.comhttps://www.instagram.com/p/BIOh00AgwoY/?taken-by=wendyslookbook,Thu Nov 17 01:16:51 2016
https://scontent-sin6-1.cdninstagram.com/t51.2885-15/s640x640/sh0.08/e35/13737108_1047438408696366_569863149_n.jpg?ig_cache_key=MTMwMDE0NjI4MzM3MzMyNTEyNw%3D%3D.2,https://www.instagram.comhttps://www.instagram.com/p/BILDCgAgutH/?taken-by=wendyslookbook,Thu Nov 17 01:16:51 2016
https://scontent-sin6-1.cdninstagram.com/t51.2885-15/s640x640/sh0.08/e35/13696898_297884420562594_480070151_n.jpg?ig_cache_key=MTI5OTU1NDM1NDMwMjM4NTA5NQ%3D%3D.2,https://www.instagram.comhttps://www.instagram.com/p/BII8czGgXvH/?taken-by=wendyslookbook,Thu Nov 17 01:16:51 2016
https://scontent-sin6-1.cdninstagram.com/t51.2885-15/s640x640/sh0.08/e35/13722079_274909136214892_462788156_n.jpg?ig_cache_key=MTI5OTAzOTY1NTUyMTUyNzIxNQ%3D%3D.2,https://www.instagram.comhttps://www.instagram.com/p/BIHHa8ggaWv/?taken-by=wendyslookbook,Thu Nov 17 01:16:51 2016
https://scontent-sin6-1.cdninstagram.com/t51.2885-15/s640x640/sh0.08/e35/13725754_830921870384821_894693982_n.jpg?ig_cache_key=MTI5ODY2OTg1NDUwMDQxMjI4Mg%3D%3D.2,https://www.instagram.comhttps://www.instagram.com/p/BIFzVoeAVt6/?taken-by=wendyslookbook,Thu Nov 17 01:16:51 2016
https://scontent-sin6-1.cdninstagram.com/t51.2885-15/s640x640/sh0.08/e35/13741310_1934213386805122_24314321_n.jpg?ig_cache_key=MTI5ODM0NzU5NzI5MDk2Mzg3OQ%3D%3D.2,https://www.instagram.comhttps://www.instagram.com/p/BIEqELDgoOn/?taken-by=wendyslookbook,Thu Nov 17 01:16:51 2016
https://scontent-sin6-1.cdninstagram.com/t51.2885-15/s640x640/sh0.08/e35/13739445_1380294485333095_922466473_n.jpg?ig_cache_key=MTI5ODI4OTEzOTM1NTE3ODMwNA%3D%3D.2,https://www.instagram.comhttps://www.instagram.com/p/BIEcxf3A1VA/?taken-by=wendyslookbook,Thu Nov 17 01:16:51 2016
https://scontent-sin6-1.cdninstagram.com/t51.2885-15/s640x640/sh0.08/e35/13694398_840885279378471_1508562271_n.jpg?ig_cache_key=MTI5ODE0MjU0NDIzNTk5MjU4MQ%3D%3D.2,https://www.instagram.comhttps://www.instagram.com/p/BID7cQhAhYF/?taken-by=wendyslookbook,Thu Nov 17 01:16:51 2016
https://scontent-sin6-1.cdninstagram.com/t51.2885-15/s640x640/sh0.08/e35/13722255_197347530667826_1101500171_n.jpg?ig_cache_key=MTI5Nzk0NTg3NDk2NTU1MDkwNA%3D%3D.2,https://www.instagram.comhttps://www.instagram.com/p/BIDOuV_AVc4/?taken-by=wendyslookbook,Thu Nov 17 01:16:51 2016
https://scontent-sin6-1.cdninstagram.com/t51.2885-15/s640x640/sh0.08/e35/13767685_899038183556194_211475678_n.jpg?ig_cache_key=MTI5NzU4ODU3Njk5Njg2MDc1Nw%3D%3D.2,https://www.instagram.comhttps://www.instagram.com/p/BIB9e-UgKNV/?taken-by=wendyslookbook,Thu Nov 17 01:16:51 2016
https://scontent-sin6-1.cdninstagram.com/t51.2885-15/s640x640/sh0.08/e35/13739518_1019988958050779_1765833001_n.jpg?ig_cache_key=MTI5NzMzNDQ2OTY2MDk3Nzg3MA%3D%3D.2,https://www.instagram.comhttps://www.instagram.com/p/BIBDtObAyrO/?taken-by=wendyslookbook,Thu Nov 17 01:17:00 2016
https://scontent-sin6-1.cdninstagram.com/t51.2885-15/s640x640/sh0.08/e35/13712833_209487642785977_2131777356_n.jpg?ig_cache_key=MTI5NzIxNzUwMzgzNTAzOTM1Mw%3D%3D.2,https://www.instagram.comhttps://www.instagram.com/p/BIApHJggaZ5/?taken-by=wendyslookbook,Thu Nov 17 01:17:00 2016
https://scontent-sin6-1.cdninstagram.com/t51.2885-15/s640x640/sh0.08/e35/c0.134.1080.1080/13712831_1144975128896676_418129141_n.jpg?ig_cache_key=MTI5Njg2MjI5NTU1MjUyMjczMg%3D%3D.2.c,https://www.instagram.comhttps://www.instagram.com/p/BH_YWMBAXns/?taken-by=wendyslookbook,Thu Nov 17 01:17:00 2016
https://scontent-sin6-1.cdninstagram.com/t51.2885-15/s640x640/sh0.08/e35/13731378_522645631272168_382516546_n.jpg?ig_cache_key=MTI5NjgwNjMyNTgzNzM0NzAyNw%3D%3D.2,https://www.instagram.comhttps://www.instagram.com/p/BH_LnuKA7jT/?taken-by=wendyslookbook,Thu Nov 17 01:17:00 2016
https://scontent-sin6-1.cdninstagram.com/t51.2885-15/s640x640/sh0.08/e35/c0.134.1080.1080/13743631_265722617137081_468333916_n.jpg?ig_cache_key=MTI5NjU5Mjc3NzU0NjY2NjAyNQ%3D%3D.2.c,https://www.instagram.comhttps://www.instagram.com/p/BH-bEL0AZAp/?taken-by=wendyslookbook,Thu Nov 17 01:17:00 2016
https://scontent-sin6-1.cdninstagram.com/t51.2885-15/s640x640/sh0.08/e35/c0.134.1080.1080/13721324_1133900536631551_1197661949_n.jpg?ig_cache_key=MTI5NjUzMTMyNTAyMDUzMzQ3NQ%3D%3D.2.c,https://www.instagram.comhttps://www.instagram.com/p/BH-NF7sA_Lj/?taken-by=wendyslookbook,Thu Nov 17 01:17:00 2016
https://scontent-sin6-1.cdninstagram.com/t51.2885-15/s640x640/sh0.08/e35/13724492_1074002826016062_907787350_n.jpg?ig_cache_key=MTI5NTkwNTI5NjQ5MjgwNTg5Mg%3D%3D.2,https://www.instagram.comhttps://www.instagram.com/p/BH7-wBMAD8E/?taken-by=wendyslookbook,Thu Nov 17 01:17:00 2016
https://scontent-sin6-1.cdninstagram.com/t51.2885-15/s640x640/sh0.08/e35/13722164_304033813282023_578629796_n.jpg?ig_cache_key=MTI5NTczOTM1OTMzMjUyODA5Mg%3D%3D.2,https://www.instagram.comhttps://www.instagram.com/p/BH7ZBUKge_c/?taken-by=wendyslookbook,Thu Nov 17 01:17:00 2016
https://scontent-sin6-1.cdninstagram.com/t51.2885-15/s640x640/sh0.08/e35/c0.134.1080.1080/13724710_720417498060789_1393963012_n.jpg?ig_cache_key=MTI5NTA3MDYzMTk1MTQzNDMyMQ%3D%3D.2.c,https://www.instagram.comhttps://www.instagram.com/p/BH5A-DQgYJR/?taken-by=wendyslookbook,Thu Nov 17 01:17:00 2016
https://scontent-sin6-1.cdninstagram.com/t51.2885-15/s640x640/sh0.08/e35/c0.134.1080.1080/13671786_2053837634841708_304272742_n.jpg?ig_cache_key=MTI5NDU1MzQwMTQ2MzU1NjgyMA%3D%3D.2.c,https://www.instagram.comhttps://www.instagram.com/p/BH3LXW1AkrU/?taken-by=wendyslookbook,Thu Nov 17 01:17:00 2016
https://scontent-sin6-1.cdninstagram.com/t51.2885-15/s640x640/sh0.08/e35/13724455_1012804248833281_1262759736_n.jpg?ig_cache_key=MTI5NDA5NTQzMzMyMDMzNzAwOA%3D%3D.2,https://www.instagram.comhttps://www.instagram.com/p/BH1jPCwg45w/?taken-by=wendyslookbook,Thu Nov 17 01:17:00 2016
https://scontent-sin6-1.cdninstagram.com/t51.2885-15/s640x640/sh0.08/e35/c0.134.1080.1080/13712313_170265956722180_504276173_n.jpg?ig_cache_key=MTI5MzkzNjEwMjU0OTMzNDM2MQ%3D%3D.2.c,https://www.instagram.comhttps://www.instagram.com/p/BH0_AeagalZ/?taken-by=wendyslookbook,Thu Nov 17 01:17:00 2016
https://scontent-sin6-1.cdninstagram.com/t51.2885-15/s640x640/sh0.08/e35/13714239_1638342526483603_385935276_n.jpg?ig_cache_key=MTI5Mzc0Njc1ODMyMDQ5NjcyOQ%3D%3D.2,https://www.instagram.comhttps://www.instagram.com/p/BH0T9J3AaBZ/?taken-by=wendyslookbook,Thu Nov 17 01:17:11 2016
https://scontent-sin6-1.cdninstagram.com/t51.2885-15/s640x640/sh0.08/e35/13694427_1170921586298997_2100407250_n.jpg?ig_cache_key=MTI5MzU5NTcyMTc0Mzg3MDA0OA%3D%3D.2,https://www.instagram.comhttps://www.instagram.com/p/BHzxnSFgihg/?taken-by=wendyslookbook,Thu Nov 17 01:17:11 2016
https://scontent-sin6-1.cdninstagram.com/t51.2885-15/s640x640/sh0.08/e35/c0.134.1080.1080/13671733_1752785144999418_164561318_n.jpg?ig_cache_key=MTI5MzI5MjkwMjEzODU4NDMxMA%3D%3D.2.c,https://www.instagram.comhttps://www.instagram.com/p/BHyswrWgRz2/?taken-by=wendyslookbook,Thu Nov 17 01:17:11 2016
https://scontent-sin6-1.cdninstagram.com/t51.2885-15/s640x640/sh0.08/e35/c0.134.1080.1080/13658593_1730233483891944_240160804_n.jpg?ig_cache_key=MTI5MjkyMTYxNjEzMjY0MzMwMQ%3D%3D.2.c,https://www.instagram.comhttps://www.instagram.com/p/BHxYVwUApnl/?taken-by=wendyslookbook,Thu Nov 17 01:17:11 2016
https://scontent-sin6-1.cdninstagram.com/t51.2885-15/s640x640/sh0.08/e35/13658375_1059874420748352_1164182384_n.jpg?ig_cache_key=MTI5MjgwNDgwMzU3NTAwMzAyMQ%3D%3D.2,https://www.instagram.comhttps://www.instagram.com/p/BHw9x6JAbeN/?taken-by=wendyslookbook,Thu Nov 17 01:17:11 2016
https://scontent-sin6-1.cdninstagram.com/t51.2885-15/s640x640/sh0.08/e35/13643574_121648298268861_1142750486_n.jpg?ig_cache_key=MTI5MjQ3ODkwNTU1ODYyNTM4NQ%3D%3D.2,https://www.instagram.comhttps://www.instagram.com/p/BHvzrd9gexp/?taken-by=wendyslookbook,Thu Nov 17 01:17:11 2016
https://scontent-sin6-1.cdninstagram.com/t51.2885-15/s640x640/sh0.08/e35/13422933_152195748535368_1643361808_n.jpg?ig_cache_key=MTI5MjI4ODMxNDI5NjIxMzA2Mw%3D%3D.2,https://www.instagram.comhttps://www.instagram.com/p/BHvIWABA55H/?taken-by=wendyslookbook,Thu Nov 17 01:17:11 2016
https://scontent-sin6-1.cdninstagram.com/t51.2885-15/s640x640/sh0.08/e35/13627996_1731881657067859_806273224_n.jpg?ig_cache_key=MTI5MjEyNTEyMjA3MjczMDAwNA%3D%3D.2,https://www.instagram.comhttps://www.instagram.com/p/BHujPPagNmU/?taken-by=wendyslookbook,Thu Nov 17 01:17:11 2016
https://scontent-sin6-1.cdninstagram.com/t51.2885-15/s640x640/sh0.08/e35/13658410_290717521282221_166194753_n.jpg?ig_cache_key=MTI5MTc4MzQyNTM5NjczNjc3NA%3D%3D.2,https://www.instagram.comhttps://www.instagram.com/p/BHtVi5lgoMG/?taken-by=wendyslookbook,Thu Nov 17 01:17:11 2016
https://scontent-sin6-1.cdninstagram.com/t51.2885-15/s640x640/sh0.08/e35/c0.134.1080.1080/13584212_1710028982592459_566153265_n.jpg?ig_cache_key=MTI5MTU1NzUzNzM0NjI0Nzc1OA%3D%3D.2.c,https://www.instagram.comhttps://www.instagram.com/p/BHsiLy8gFxO/?taken-by=wendyslookbook,Thu Nov 17 01:17:11 2016
https://scontent-sin6-1.cdninstagram.com/t51.2885-15/s640x640/sh0.08/e35/13642900_222184338180754_1768496561_n.jpg?ig_cache_key=MTI5MTQyNjIwOTQwMTU0ODkxOQ%3D%3D.2,https://www.instagram.comhttps://www.instagram.com/p/BHsEUuRAjB3/?taken-by=wendyslookbook,Thu Nov 17 01:17:11 2016
https://scontent-sin6-1.cdninstagram.com/t51.2885-15/s640x640/sh0.08/e35/c0.134.1080.1080/13652084_265336107169626_661810605_n.jpg?ig_cache_key=MTI5MTEwNDAyNzg1NzI0MDI1OA%3D%3D.2.c,https://www.instagram.comhttps://www.instagram.com/p/BHq7EXUgcDC/?taken-by=wendyslookbook,Thu Nov 17 01:17:11 2016
https://scontent-sin6-1.cdninstagram.com/t51.2885-15/s640x640/sh0.08/e35/13549436_1706226329638061_1053297916_n.jpg?ig_cache_key=MTI5MDczOTYyMzg0ODM5NjcxNA%3D%3D.2,https://www.instagram.comhttps://www.instagram.com/p/BHpoNlpAUeq/?taken-by=wendyslookbook,Thu Nov 17 01:17:23 2016
https://scontent-sin6-1.cdninstagram.com/t51.2885-15/s640x640/sh0.08/e35/13642900_885797361546623_425514375_n.jpg?ig_cache_key=MTI4OTk3ODIxMTc3Nzc3OTkxMQ%3D%3D.2,https://www.instagram.comhttps://www.instagram.com/p/BHm7FlZAhjH/?taken-by=wendyslookbook,Thu Nov 17 01:17:23 2016
https://scontent-sin6-1.cdninstagram.com/t51.2885-15/s640x640/sh0.08/e35/13597551_1152915628081713_1423551921_n.jpg?ig_cache_key=MTI4OTg2NTYxNTQ5NDAyMDAxNQ%3D%3D.2,https://www.instagram.comhttps://www.instagram.com/p/BHmhfF7gvuv/?taken-by=wendyslookbook,Thu Nov 17 01:17:23 2016
https://scontent-sin6-1.cdninstagram.com/t51.2885-15/s640x640/sh0.08/e35/13551734_572987082903610_144512104_n.jpg?ig_cache_key=MTI4OTQ3MDczODI4MTE1MjU4Ng%3D%3D.2,https://www.instagram.comhttps://www.instagram.com/p/BHlHs33gkBK/?taken-by=wendyslookbook,Thu Nov 17 01:17:23 2016
https://scontent-sin6-1.cdninstagram.com/t51.2885-15/s640x640/sh0.08/e35/13531906_958819124229557_107111236_n.jpg?ig_cache_key=MTI4OTMwMzk2NDAyMTU4NTE2Mw%3D%3D.2,https://www.instagram.comhttps://www.instagram.com/p/BHkhx_PAnUL/?taken-by=wendyslookbook,Thu Nov 17 01:17:23 2016
https://scontent-sin6-1.cdninstagram.com/t51.2885-15/s640x640/sh0.08/e35/c0.134.1080.1080/13551632_1602287593435337_242841213_n.jpg?ig_cache_key=MTI4OTE0NDA0Nzk2MDYzOTkzNw%3D%3D.2.c,https://www.instagram.comhttps://www.instagram.com/p/BHj9a5zAMnB/?taken-by=wendyslookbook,Thu Nov 17 01:17:23 2016
https://scontent-sin6-1.cdninstagram.com/t51.2885-15/s640x640/sh0.08/e35/13628316_1813833492178474_421440648_n.jpg?ig_cache_key=MTI4ODY2OTE0MjU4ODc2NjE1OA%3D%3D.2,https://www.instagram.comhttps://www.instagram.com/p/BHiRcHtArfO/?taken-by=wendyslookbook,Thu Nov 17 01:17:23 2016
https://scontent-sin6-1.cdninstagram.com/t51.2885-15/s640x640/sh0.08/e35/13597780_482749525259579_1914630299_n.jpg?ig_cache_key=MTI4ODUzOTc5ODc0MjczMzczNw%3D%3D.2,https://www.instagram.comhttps://www.instagram.com/p/BHh0B63A5Op/?taken-by=wendyslookbook,Thu Nov 17 01:17:23 2016
https://scontent-sin6-1.cdninstagram.com/t51.2885-15/s640x640/sh0.08/e35/13531921_1728590324087586_573425015_n.jpg?ig_cache_key=MTI4ODQ1NDM3MjU3Mjg4NDAwNw%3D%3D.2,https://www.instagram.comhttps://www.instagram.com/p/BHhgmzigWwn/?taken-by=wendyslookbook,Thu Nov 17 01:17:23 2016
https://scontent-sin6-1.cdninstagram.com/t51.2885-15/s640x640/sh0.08/e35/13628496_256707551371417_286303887_n.jpg?ig_cache_key=MTI4ODA0Mzc1MDY5NzkxNzM0NQ%3D%3D.2,https://www.instagram.comhttps://www.instagram.com/p/BHgDPeHgtuh/?taken-by=wendyslookbook,Thu Nov 17 01:17:23 2016
https://scontent-sin6-1.cdninstagram.com/t51.2885-15/s640x640/sh0.08/e35/c0.134.1080.1080/13584178_1109363235772726_200473769_n.jpg?ig_cache_key=MTI4ODAxODQ3OTQ5NjE5NTQ3Ng%3D%3D.2.c,https://www.instagram.comhttps://www.instagram.com/p/BHf9fuegm2U/?taken-by=wendyslookbook,Thu Nov 17 01:17:23 2016
https://scontent-sin6-1.cdninstagram.com/t51.2885-15/s640x640/sh0.08/e35/13534380_115026755597148_30858601_n.jpg?ig_cache_key=MTI4Nzg5ODczNDIzOTI1MjQ1Ng%3D%3D.2,https://www.instagram.comhttps://www.instagram.com/p/BHfiRNBAX_o/?taken-by=wendyslookbook,Thu Nov 17 01:17:23 2016
https://scontent-sin6-1.cdninstagram.com/t51.2885-15/s640x640/sh0.08/e35/13562038_1039526256127500_1214609697_n.jpg?ig_cache_key=MTI4NzY2NTk3NzU5NjY2MzcyNA%3D%3D.2,https://www.instagram.comhttps://www.instagram.com/p/BHetWJgAVes/?taken-by=wendyslookbook,Thu Nov 17 01:17:37 2016
https://scontent-sin6-1.cdninstagram.com/t51.2885-15/s640x640/sh0.08/e35/13549483_1077568725643080_1856527887_n.jpg?ig_cache_key=MTI4NzQ3MDY0Nzg2OTU5NDU3NQ%3D%3D.2,https://www.instagram.comhttps://www.instagram.com/p/BHeA7uhAlvP/?taken-by=wendyslookbook,Thu Nov 17 01:17:37 2016
https://scontent-sin6-1.cdninstagram.com/t51.2885-15/s640x640/sh0.08/e35/13597701_155879688151138_191192932_n.jpg?ig_cache_key=MTI4NzIzODAyODI4ODM3MDY0MQ%3D%3D.2,https://www.instagram.comhttps://www.instagram.com/p/BHdMCqpgKfR/?taken-by=wendyslookbook,Thu Nov 17 01:17:37 2016
https://scontent-sin6-1.cdninstagram.com/t51.2885-15/s640x640/sh0.08/e35/13573557_645294802290362_946759770_n.jpg?ig_cache_key=MTI4NzEyMTU0MjY2ODM3NzMzMQ%3D%3D.2,https://www.instagram.comhttps://www.instagram.com/p/BHcxjk9gFzz/?taken-by=wendyslookbook,Thu Nov 17 01:17:37 2016
https://scontent-sin6-1.cdninstagram.com/t51.2885-15/s640x640/sh0.08/e35/13561946_1637719539874457_1347968497_n.jpg?ig_cache_key=MTI4NzAwODQwMjAxNDQzMzIxNA%3D%3D.2,https://www.instagram.comhttps://www.instagram.com/p/BHcX1KhA2--/?taken-by=wendyslookbook,Thu Nov 17 01:17:37 2016
https://scontent-sin6-1.cdninstagram.com/t51.2885-15/s640x640/sh0.08/e35/13556775_1053932254672791_1904372746_n.jpg?ig_cache_key=MTI4NjUwOTY0OTk3NzIxNDQwNA%3D%3D.2,https://www.instagram.comhttps://www.instagram.com/p/BHambXfAQXE/?taken-by=wendyslookbook,Thu Nov 17 01:17:37 2016
https://scontent-sin6-1.cdninstagram.com/t51.2885-15/s640x640/sh0.08/e35/13551550_623324244503498_934025070_n.jpg?ig_cache_key=MTI4NjI2Mjk5MDE4MTYzMTg3Ng%3D%3D.2,https://www.instagram.comhttps://www.instagram.com/p/BHZuV_pggeE/?taken-by=wendyslookbook,Thu Nov 17 01:17:37 2016
https://scontent-sin6-1.cdninstagram.com/t51.2885-15/s640x640/sh0.08/e35/c0.134.1080.1080/13561992_1706345416292128_878793510_n.jpg?ig_cache_key=MTI4NTg5MzQ2NzM2MDQxMTU1Ng%3D%3D.2.c,https://www.instagram.comhttps://www.instagram.com/p/BHYaUutAz-k/?taken-by=wendyslookbook,Thu Nov 17 01:17:37 2016
https://scontent-sin6-1.cdninstagram.com/t51.2885-15/s640x640/sh0.08/e35/13534420_139886676435445_1635533390_n.jpg?ig_cache_key=MTI4NTYwNTYzMDA2OTA2NDk5OQ%3D%3D.2,https://www.instagram.comhttps://www.instagram.com/p/BHXY4JVgkUn/?taken-by=wendyslookbook,Thu Nov 17 01:17:37 2016
https://scontent-sin6-1.cdninstagram.com/t51.2885-15/s640x640/sh0.08/e35/13573362_215082918891223_1235260907_n.jpg?ig_cache_key=MTI4NTMyMzY3MTEyODQzNDQ2NQ%3D%3D.2,https://www.instagram.comhttps://www.instagram.com/p/BHWYxGnAuch/?taken-by=wendyslookbook,Thu Nov 17 01:17:37 2016
https://scontent-sin6-1.cdninstagram.com/t51.2885-15/s640x640/sh0.08/e35/13556930_158521744566236_1143886624_n.jpg?ig_cache_key=MTI4NTA0MjA3NzczODA4MjYwNQ%3D%3D.2,https://www.instagram.comhttps://www.instagram.com/p/BHVYvYVAiEt/?taken-by=wendyslookbook,Thu Nov 17 01:17:37 2016
https://scontent-sin6-1.cdninstagram.com/t51.2885-15/s640x640/sh0.08/e35/13584297_816307488504679_1131033250_n.jpg?ig_cache_key=MTI4NDc1NzY0NTc5Mzc0MjQzNw%3D%3D.2,https://www.instagram.comhttps://www.instagram.com/p/BHUYEWcAM5l/?taken-by=wendyslookbook,Thu Nov 17 01:17:37 2016
https://scontent-sin6-1.cdninstagram.com/t51.2885-15/s640x640/sh0.08/e35/13573575_795985387170120_531670608_n.jpg?ig_cache_key=MTI4NDUzNTcxMDIwMzg5Mzk5Ng%3D%3D.2,https://www.instagram.comhttps://www.instagram.com/p/BHTlmw0Adjs/?taken-by=wendyslookbook,Thu Nov 17 01:17:43 2016
https://scontent-sin6-1.cdninstagram.com/t51.2885-15/s640x640/sh0.08/e35/13551585_1225032607509398_1727760164_n.jpg?ig_cache_key=MTI4NDMxNTg1OTYzNjE3NTEwMA%3D%3D.2,https://www.instagram.comhttps://www.instagram.com/p/BHSznhBA8D8/?taken-by=wendyslookbook,Thu Nov 17 01:17:43 2016
https://scontent-sin6-1.cdninstagram.com/t51.2885-15/s640x640/sh0.08/e35/13561602_260040077700676_881851469_n.jpg?ig_cache_key=MTI4NDA2MzMyNjg1ODUyOTE2OQ%3D%3D.2,https://www.instagram.comhttps://www.instagram.com/p/BHR6MrigkmR/?taken-by=wendyslookbook,Thu Nov 17 01:17:43 2016
https://scontent-sin6-1.cdninstagram.com/t51.2885-15/s640x640/sh0.08/e35/13556986_248630925520694_1040377281_n.jpg?ig_cache_key=MTI4MzY3NDE4NzU2MjY4MDY1NA%3D%3D.2,https://www.instagram.comhttps://www.instagram.com/p/BHQht9VAwFO/?taken-by=wendyslookbook,Thu Nov 17 01:17:43 2016
https://scontent-sin6-1.cdninstagram.com/t51.2885-15/s640x640/sh0.08/e35/13534304_1138436349513203_26303634_n.jpg?ig_cache_key=MTI4MzUyNTI2OTYwNDQzODI5NQ%3D%3D.2,https://www.instagram.comhttps://www.instagram.com/p/BHP_26rApEX/?taken-by=wendyslookbook,Thu Nov 17 01:17:43 2016
https://scontent-sin6-1.cdninstagram.com/t51.2885-15/s640x640/sh0.08/e35/13549597_159266587825136_125834890_n.jpg?ig_cache_key=MTI4MzM2OTM5ODAzNTM2MTY3MA%3D%3D.2,https://www.instagram.comhttps://www.instagram.com/p/BHPcar9gS-G/?taken-by=wendyslookbook,Thu Nov 17 01:17:43 2016
https://scontent-sin6-1.cdninstagram.com/t51.2885-15/s640x640/sh0.08/e35/13525469_1619269428384416_1113175264_n.jpg?ig_cache_key=MTI4Mjk3MzE0OTU4NzE3MDMyMg%3D%3D.2,https://www.instagram.comhttps://www.instagram.com/p/BHOCUg1geQS/?taken-by=wendyslookbook,Thu Nov 17 01:17:43 2016
https://scontent-sin6-1.cdninstagram.com/t51.2885-15/s640x640/sh0.08/e35/13549597_1065109286910433_1072802145_n.jpg?ig_cache_key=MTI4Mjg0ODA4MTQxNDY1MjY1MA%3D%3D.2,https://www.instagram.comhttps://www.instagram.com/p/BHNl4iBgwLq/?taken-by=wendyslookbook,Thu Nov 17 01:17:43 2016
https://scontent-sin6-1.cdninstagram.com/t51.2885-15/s640x640/sh0.08/e35/c0.134.1080.1080/13556902_207978336268675_110130998_n.jpg?ig_cache_key=MTI4MjY4Njk5NjA1NzI3ODg4Mg%3D%3D.2.c,https://www.instagram.comhttps://www.instagram.com/p/BHNBQbmAcmi/?taken-by=wendyslookbook,Thu Nov 17 01:17:43 2016
https://scontent-sin6-1.cdninstagram.com/t51.2885-15/s640x640/sh0.08/e35/13556875_615436745299279_1604902303_n.jpg?ig_cache_key=MTI4MjQ2MjY4ODk5OTQyNTA4Nw%3D%3D.2,https://www.instagram.comhttps://www.instagram.com/p/BHMOQVXgMQ_/?taken-by=wendyslookbook,Thu Nov 17 01:17:43 2016
https://scontent-sin6-1.cdninstagram.com/t51.2885-15/s640x640/sh0.08/e35/c0.134.1080.1080/13413241_191496464585763_1151406758_n.jpg?ig_cache_key=MTI4MjE1NjY3NDQ1ODYyOTA2MA%3D%3D.2.c,https://www.instagram.comhttps://www.instagram.com/p/BHLIrPHgLPE/?taken-by=wendyslookbook,Thu Nov 17 01:17:43 2016
https://scontent-sin6-1.cdninstagram.com/t51.2885-15/s640x640/sh0.08/e35/13534309_736725423096493_400121038_n.jpg?ig_cache_key=MTI4MTk5MDA2ODMxNTM0NzU4Mw%3D%3D.2,https://www.instagram.comhttps://www.instagram.com/p/BHKiyzDg9p_/?taken-by=wendyslookbook,Thu Nov 17 01:17:43 2016
https://scontent-sin6-1.cdninstagram.com/t51.2885-15/s640x640/sh0.08/e35/13473334_293566867655494_59610226_n.jpg?ig_cache_key=MTI4MTk0MjEwOTI4NDQxODQxMg%3D%3D.2,https://www.instagram.comhttps://www.instagram.com/p/BHKX45ug0Ns/?taken-by=wendyslookbook,Thu Nov 17 01:17:47 2016
https://scontent-sin6-1.cdninstagram.com/t51.2885-15/s640x640/sh0.08/e35/c0.134.1080.1080/12445947_1777175532528397_1025044295_n.jpg?ig_cache_key=MTI4MDkyMTY1MTU5NjQ1OTg5OQ%3D%3D.2.c,https://www.instagram.comhttps://www.instagram.com/p/BHGv3Scg397/?taken-by=wendyslookbook,Thu Nov 17 01:17:47 2016
https://scontent-sin6-1.cdninstagram.com/t51.2885-15/s640x640/sh0.08/e35/13473333_1740551049556264_1309706554_n.jpg?ig_cache_key=MTI4MDU5MjQ4NTMyNzg4MjA0MQ%3D%3D.2,https://www.instagram.comhttps://www.instagram.com/p/BHFlBSeAMc5/?taken-by=wendyslookbook,Thu Nov 17 01:17:47 2016
https://scontent-sin6-1.cdninstagram.com/t51.2885-15/s640x640/sh0.08/e35/13534063_1762808770606914_1141577072_n.jpg?ig_cache_key=MTI4MDQ1NTI5OTkwMzM2ODcyNw%3D%3D.2,https://www.instagram.comhttps://www.instagram.com/p/BHFF0-lga4X/?taken-by=wendyslookbook,Thu Nov 17 01:17:47 2016
https://scontent-sin6-1.cdninstagram.com/t51.2885-15/s640x640/sh0.08/e35/13423408_298240003849383_331123425_n.jpg?ig_cache_key=MTI3OTkyNzE0MTM0MDkxMDA2Ng%3D%3D.2,https://www.instagram.comhttps://www.instagram.com/p/BHDNvQmAZHy/?taken-by=wendyslookbook,Thu Nov 17 01:17:47 2016
https://scontent-sin6-1.cdninstagram.com/t51.2885-15/s640x640/sh0.08/e35/13408775_1384820778198663_563844396_n.jpg?ig_cache_key=MTI3OTgwNTg2NjcxNDg3NTQ3MA%3D%3D.2,https://www.instagram.comhttps://www.instagram.com/p/BHCyKezAEZO/?taken-by=wendyslookbook,Thu Nov 17 01:17:47 2016
https://scontent-sin6-1.cdninstagram.com/t51.2885-15/s640x640/sh0.08/e35/13413251_1642910652702631_1903810861_n.jpg?ig_cache_key=MTI3OTcwNTI1MTE2Njg0MDkzOA%3D%3D.2,https://www.instagram.comhttps://www.instagram.com/p/BHCbSVRAGhq/?taken-by=wendyslookbook,Thu Nov 17 01:17:47 2016
https://scontent-sin6-1.cdninstagram.com/t51.2885-15/s640x640/sh0.08/e35/c135.0.809.809/13473306_631970126974279_1568994242_n.jpg?ig_cache_key=MTI3OTIyNzk4OTQwNjAwMzg5OQ%3D%3D.2.c,https://www.instagram.comhttps://www.instagram.com/p/BHAuxQnSDK7/?taken-by=wendyslookbook,Thu Nov 17 01:17:47 2016
https://scontent-sin6-1.cdninstagram.com/t51.2885-15/s640x640/sh0.08/e35/c0.134.1080.1080/13408931_298605673816340_1895489836_n.jpg?ig_cache_key=MTI3OTAwMDM1Njk5NDk1NDAzNw%3D%3D.2.c,https://www.instagram.comhttps://www.instagram.com/p/BG_7AxaSDM1/?taken-by=wendyslookbook,Thu Nov 17 01:17:47 2016
https://scontent-sin6-1.cdninstagram.com/t51.2885-15/s640x640/sh0.08/e35/c0.134.1080.1080/13423696_698882326916367_1303785172_n.jpg?ig_cache_key=MTI3ODMwNTE0MTg2MjcwNzUwNg%3D%3D.2.c,https://www.instagram.comhttps://www.instagram.com/p/BG9c8D3SDEy/?taken-by=wendyslookbook,Thu Nov 17 01:17:47 2016
https://scontent-sin6-1.cdninstagram.com/t51.2885-15/s640x640/sh0.08/e35/c135.0.809.809/13391131_1753128318263976_1083386310_n.jpg?ig_cache_key=MTI3Nzg5MTg1MzE3MzY2NTg4Mg%3D%3D.2.c,https://www.instagram.comhttps://www.instagram.com/p/BG7-96xyDBa/?taken-by=wendyslookbook,Thu Nov 17 01:17:47 2016
https://scontent-sin6-1.cdninstagram.com/t51.2885-15/s640x640/sh0.08/e35/c0.134.1080.1080/13397485_1027027580724916_1627882572_n.jpg?ig_cache_key=MTI3Nzc3MjY5MTQxOTk2ODQ4OA%3D%3D.2.c,https://www.instagram.comhttps://www.instagram.com/p/BG7j34vyDPo/?taken-by=wendyslookbook,Thu Nov 17 01:17:47 2016
https://scontent-sin6-1.cdninstagram.com/t51.2885-15/s640x640/sh0.08/e35/c0.134.1080.1080/13392780_522262134625284_817931287_n.jpg?ig_cache_key=MTI3NzU2ODIwNjk3ODQyOTA1MQ%3D%3D.2.c,https://www.instagram.comhttps://www.instagram.com/p/BG61YPxSDB7/?taken-by=wendyslookbook,Thu Nov 17 01:17:52 2016
https://scontent-sin6-1.cdninstagram.com/t51.2885-15/s640x640/sh0.08/e35/c0.134.1080.1080/13381254_591033521066615_374821543_n.jpg?ig_cache_key=MTI3NzAxMjkwMDY5MTA2MjkxMA%3D%3D.2.c,https://www.instagram.comhttps://www.instagram.com/p/BG43HefSDB-/?taken-by=wendyslookbook,Thu Nov 17 01:17:52 2016
https://scontent-sin6-1.cdninstagram.com/t51.2885-15/s640x640/sh0.08/e35/13398579_1133784426665388_1004967253_n.jpg?ig_cache_key=MTI3NDcyMzQ3NzAxNDE5NjY1MA%3D%3D.2,https://www.instagram.comhttps://www.instagram.com/p/BGwuj-iSDGq/?taken-by=wendyslookbook,Thu Nov 17 01:17:52 2016
https://scontent-sin6-1.cdninstagram.com/t51.2885-15/s640x640/sh0.08/e35/13402505_625307397626231_2057823681_n.jpg?ig_cache_key=MTI3NDAwNTg2MTUzMDM1MDI0Ng%3D%3D.2,https://www.instagram.comhttps://www.instagram.com/p/BGuLZTCSDKm/?taken-by=wendyslookbook,Thu Nov 17 01:17:52 2016
https://scontent-sin6-1.cdninstagram.com/t51.2885-15/s640x640/sh0.08/e35/13391220_1006603952741160_1338371213_n.jpg?ig_cache_key=MTI3MzYwNTg2NzE0OTIxMDAxMQ%3D%3D.2,https://www.instagram.comhttps://www.instagram.com/p/BGswcnPSDGb/?taken-by=wendyslookbook,Thu Nov 17 01:17:52 2016
https://scontent-sin6-1.cdninstagram.com/t51.2885-15/s640x640/sh0.08/e35/c0.134.1080.1080/13408786_1761201390792549_171500491_n.jpg?ig_cache_key=MTI3MjIwMTMyMTkxMDkwNzM4NA%3D%3D.2.c,https://www.instagram.comhttps://www.instagram.com/p/BGnxFyjSDH4/?taken-by=wendyslookbook,Thu Nov 17 01:17:52 2016
https://scontent-sin6-1.cdninstagram.com/t51.2885-15/s640x640/sh0.08/e35/c0.134.1080.1080/13437196_1038300079596905_677801663_n.jpg?ig_cache_key=MTI3MTgzOTEyODY0NDIzNjA5NQ%3D%3D.2.c,https://www.instagram.comhttps://www.instagram.com/p/BGmevLySDM_/?taken-by=wendyslookbook,Thu Nov 17 01:17:52 2016
https://scontent-sin6-1.cdninstagram.com/t51.2885-15/s640x640/sh0.08/e35/13320310_787475568020980_1129837766_n.jpg?ig_cache_key=MTI3MTQ4OTAzNzA3NzA2NjA4MA%3D%3D.2,https://www.instagram.comhttps://www.instagram.com/p/BGlPIrmyDFg/?taken-by=wendyslookbook,Thu Nov 17 01:17:52 2016
https://scontent-sin6-1.cdninstagram.com/t51.2885-15/s640x640/sh0.08/e35/13328950_1021596154636713_170354092_n.jpg?ig_cache_key=MTI2OTg0NDY5MTQwNzg3NjUzMg%3D%3D.2,https://www.instagram.comhttps://www.instagram.com/p/BGfZQTXSDG0/?taken-by=wendyslookbook,Thu Nov 17 01:17:52 2016
https://scontent-sin6-1.cdninstagram.com/t51.2885-15/s640x640/sh0.08/e35/c0.134.1080.1080/13329078_1547975962176110_1320264761_n.jpg?ig_cache_key=MTI2OTY0NTg2NjY1MTEwNDAwOA%3D%3D.2.c,https://www.instagram.comhttps://www.instagram.com/p/BGesDBYSDMI/?taken-by=wendyslookbook,Thu Nov 17 01:17:52 2016
https://scontent-sin6-1.cdninstagram.com/t51.2885-15/s640x640/sh0.08/e35/13329000_480899572115000_338311641_n.jpg?ig_cache_key=MTI2ODkzODQ0MTI2MjM3OTkyNg%3D%3D.2,https://www.instagram.comhttps://www.instagram.com/p/BGcLMoJSDOW/?taken-by=wendyslookbook,Thu Nov 17 01:17:52 2016
https://scontent-sin6-1.cdninstagram.com/t51.2885-15/s640x640/sh0.08/e35/c0.134.1080.1080/13402365_1040957245992625_847903148_n.jpg?ig_cache_key=MTI2ODYyMjExMDYyOTU3MzIzOA%3D%3D.2.c,https://www.instagram.comhttps://www.instagram.com/p/BGbDRaSSDJ2/?taken-by=wendyslookbook,Thu Nov 17 01:17:52 2016
https://scontent-sin6-1.cdninstagram.com/t51.2885-15/s640x640/sh0.08/e35/15046983_839421466199838_1366619221621997568_n.jpg?ig_cache_key=MTM4NDI5NDcwMzk2ODYwOTg4Mg%3D%3D.2,https://www.instagram.comhttps://www.instagram.com/p/BM2ALLugOZa/?taken-by=wendyslookbook,Thu Nov 17 01:47:34 2016
https://scontent-sin6-1.cdninstagram.com/t51.2885-15/s640x640/sh0.08/e35/15048168_1241815755879214_1475109799166214144_n.jpg?ig_cache_key=MTM4NDE0NjY2MTAwOTM3OTU2Mg%3D%3D.2,https://www.instagram.comhttps://www.instagram.com/p/BM1eg3-gdDq/?taken-by=wendyslookbook,Thu Nov 17 01:47:34 2016
https://scontent-sin6-1.cdninstagram.com/t51.2885-15/s640x640/sh0.08/e35/15046784_1106739909394352_8038790803595722752_n.jpg?ig_cache_key=MTM4Mzc1Nzg5NDUyMDEyMzQwNg%3D%3D.2,https://www.instagram.comhttps://www.instagram.com/p/BM0GHk-A7AO/?taken-by=wendyslookbook,Thu Nov 17 01:47:34 2016
https://scontent-sin6-1.cdninstagram.com/t51.2885-15/s640x640/sh0.08/e35/15048052_342079102826311_4369118458961461248_n.jpg?ig_cache_key=MTM4MzU1ODM1MDQ2NTM2Nzc5MA%3D%3D.2,https://www.instagram.comhttps://www.instagram.com/p/BMzYv1Fg37u/?taken-by=wendyslookbook,Thu Nov 17 01:47:34 2016
https://scontent-sin6-1.cdninstagram.com/t51.2885-15/s640x640/sh0.08/e35/15057257_845465165593886_4725107330096562176_n.jpg?ig_cache_key=MTM4MzQ1MTg3Nzg2NTI5NjIxNg%3D%3D.2,https://www.instagram.comhttps://www.instagram.com/p/BMzAicwAhFY/?taken-by=wendyslookbook,Thu Nov 17 01:47:34 2016
https://scontent-sin6-1.cdninstagram.com/t51.2885-15/s640x640/sh0.08/e35/c0.134.1080.1080/14733287_1234518586591729_4041725716306329600_n.jpg?ig_cache_key=MTM4MzE0MDk0Nzk2OTQzMzc5NA%3D%3D.2.c,https://www.instagram.comhttps://www.instagram.com/p/BMx510uA-DC/?taken-by=wendyslookbook,Thu Nov 17 01:47:34 2016
https://scontent-sin6-1.cdninstagram.com/t51.2885-15/s640x640/sh0.08/e35/15046941_1858767857688427_5082971117665124352_n.jpg?ig_cache_key=MTM4Mjk0NzUxMjUwNzI2OTA0Mg%3D%3D.2,https://www.instagram.comhttps://www.instagram.com/p/BMxN296AX-y/?taken-by=wendyslookbook,Thu Nov 17 01:47:34 2016
https://scontent-sin6-1.cdninstagram.com/t51.2885-15/s640x640/sh0.08/e35/c0.134.1080.1080/15034827_1233234360069336_5511095124177715200_n.jpg?ig_cache_key=MTM4Mjc0NDM5MTY0MjQ2MTg4Ng%3D%3D.2.c,https://www.instagram.comhttps://www.instagram.com/p/BMwfrK3Aza-/?taken-by=wendyslookbook,Thu Nov 17 01:47:34 2016
https://scontent-sin6-1.cdninstagram.com/t51.2885-15/s640x640/sh0.08/e35/14547563_725416667612086_4404124147525877760_n.jpg?ig_cache_key=MTM4MjEwMzk1MDQ5NjQwMDMxMg%3D%3D.2,https://www.instagram.comhttps://www.instagram.com/p/BMuODhkAIO4/?taken-by=wendyslookbook,Thu Nov 17 01:47:34 2016
https://scontent-sin6-1.cdninstagram.com/t51.2885-15/s640x640/sh0.08/e35/15046827_1756019904661718_7677372672891682816_n.jpg?ig_cache_key=MTM4MjAyMzg5NTg1NDUyNjYwMw%3D%3D.2,https://www.instagram.comhttps://www.instagram.com/p/BMt72k3grCL/?taken-by=wendyslookbook,Thu Nov 17 01:47:34 2016
https://scontent-sin6-1.cdninstagram.com/t51.2885-15/s640x640/sh0.08/e35/15056585_328263957544053_2490043913042132992_n.jpg?ig_cache_key=MTM4MTQxMzYxMTA0MTQ1MTc0OA%3D%3D.2,https://www.instagram.comhttps://www.instagram.com/p/BMrxFw2A-7k/?taken-by=wendyslookbook,Thu Nov 17 01:47:34 2016
https://scontent-sin6-1.cdninstagram.com/t51.2885-15/s640x640/sh0.08/e35/14547564_598337653685732_3689381077677244416_n.jpg?ig_cache_key=MTM4MTE5NzczMjg3MzUyMTE3Ng%3D%3D.2,https://www.instagram.comhttps://www.instagram.com/p/BMrAAUogEgY/?taken-by=wendyslookbook,Thu Nov 17 01:47:34 2016
https://scontent-sin6-1.cdninstagram.com/t51.2885-15/s640x640/sh0.08/e35/c0.134.1080.1080/15043886_2187871564772253_6291493400575213568_n.jpg?ig_cache_key=MTM4MDg3OTAyNjM3NzI5MTI1Mg%3D%3D.2.c,https://www.instagram.comhttps://www.instagram.com/p/BMp3iiFAXX0/?taken-by=wendyslookbook,Thu Nov 17 01:47:34 2016
https://scontent-sin6-1.cdninstagram.com/t51.2885-15/s640x640/sh0.08/e35/14550147_1268437023200223_2397264673759035392_n.jpg?ig_cache_key=MTM4MDY2MTY5NjU5NDY0NTE0MQ%3D%3D.2,https://www.instagram.comhttps://www.instagram.com/p/BMpGH98gxCV/?taken-by=wendyslookbook,Thu Nov 17 01:47:34 2016
https://scontent-sin6-1.cdninstagram.com/t51.2885-15/s640x640/sh0.08/e35/14592191_197119020736677_5745759978178740224_n.jpg?ig_cache_key=MTM4MDE2MzM0NjkxNjk3MzM1MQ%3D%3D.2,https://www.instagram.comhttps://www.instagram.com/p/BMnU0BpABsn/?taken-by=wendyslookbook,Thu Nov 17 01:47:34 2016
https://scontent-sin6-1.cdninstagram.com/t51.2885-15/s640x640/sh0.08/e35/14592149_1441334805895292_5278264839687372800_n.jpg?ig_cache_key=MTM3OTc0MTg3ODE1MjU5MzE5NA%3D%3D.2,https://www.instagram.comhttps://www.instagram.com/p/BMl0-2RA_8q/?taken-by=wendyslookbook,Thu Nov 17 01:47:34 2016
https://scontent-sin6-1.cdninstagram.com/t51.2885-15/s640x640/sh0.08/e35/14716366_1387706631254398_2086992087357587456_n.jpg?ig_cache_key=MTM3OTMzOTYxNzgwNjkwMDk1Nw%3D%3D.2,https://www.instagram.comhttps://www.instagram.com/p/BMkZhMIAN7d/?taken-by=wendyslookbook,Thu Nov 17 01:47:34 2016
https://scontent-sin6-1.cdninstagram.com/t51.2885-15/s640x640/sh0.08/e35/14624231_1193045087456453_404352977436934144_n.jpg?ig_cache_key=MTM3OTA3NTE1NTEyODU3ODkyNQ%3D%3D.2,https://www.instagram.comhttps://www.instagram.com/p/BMjdYwEAXNt/?taken-by=wendyslookbook,Thu Nov 17 01:47:34 2016
https://scontent-sin6-1.cdninstagram.com/t51.2885-15/s640x640/sh0.08/e35/14596676_311323569252219_25610739662192640_n.jpg?ig_cache_key=MTM3ODczNTYzNDkzNTYxNDM3Mw%3D%3D.2,https://www.instagram.comhttps://www.instagram.com/p/BMiQMFPgoul/?taken-by=wendyslookbook,Thu Nov 17 01:47:34 2016
https://scontent-sin6-1.cdninstagram.com/t51.2885-15/s640x640/sh0.08/e35/14736219_883086615160493_618150135829889024_n.jpg?ig_cache_key=MTM3ODQyMTU1MjEzOTM5MzAyMA%3D%3D.2,https://www.instagram.comhttps://www.instagram.com/p/BMhIxk2Atf8/?taken-by=wendyslookbook,Thu Nov 17 01:47:34 2016
https://scontent-sin6-1.cdninstagram.com/t51.2885-15/s640x640/sh0.08/e35/c0.134.1080.1080/14733284_172819093179786_6954299200439844864_n.jpg?ig_cache_key=MTM3ODMzOTU1NDY5NTc0NjM1MA%3D%3D.2.c,https://www.instagram.comhttps://www.instagram.com/p/BMg2IWxgpMu/?taken-by=wendyslookbook,Thu Nov 17 01:47:34 2016
https://scontent-sin6-1.cdninstagram.com/t51.2885-15/s640x640/sh0.08/e35/14736264_1801408640138814_8207556780373311488_n.jpg?ig_cache_key=MTM3NzY3NTkyNTk2OTI0NzkwNg%3D%3D.2,https://www.instagram.comhttps://www.instagram.com/p/BMefPSXAR6i/?taken-by=wendyslookbook,Thu Nov 17 01:47:34 2016
https://scontent-sin6-1.cdninstagram.com/t51.2885-15/s640x640/sh0.08/e35/c181.0.718.718/14676618_909198799213764_1423070266010894336_n.jpg?ig_cache_key=MTM3Njk2MTQ0MjQ5ODE3Mzc3MA%3D%3D.2.c,https://www.instagram.comhttps://www.instagram.com/p/BMb8yLxg1tK/?taken-by=wendyslookbook,Thu Nov 17 01:47:34 2016
https://scontent-sin6-1.cdninstagram.com/t51.2885-15/s640x640/sh0.08/e35/14727597_212525402492144_2478417969147805696_n.jpg?ig_cache_key=MTM3NjIzNTI4ODU2MDYzMDUyNQ%3D%3D.2,https://www.instagram.comhttps://www.instagram.com/p/BMZXrQOA3r9/?taken-by=wendyslookbook,Thu Nov 17 01:47:34 2016
